tortilla_nutella,tortilla_pb+jelly,tortilla_nutella+banana,tortilla_plain,tortilla_peanut-butter,tortilla_in-package,tortilla_rolled,tortilla_cut,tortilla_sliced,tortilla_ends-cut,tortilla_nutella+banana+cinnamon,tortilla_folded,tortilla_rolled+toothpicks,tortilla_hoi,mug_hoi,bowl_hoi,plate_hoi,microwave_oven_hoi,tortilla_package_hoi,banana_hoi,banana_slice_hoi,cutting_board_hoi,knife_hoi,jar_hoi,jar_lid_hoi,toothpicks_hoi,measuring_cup_hoi,paper_towel_hoi,thermometer_hoi,kettle_hoi,teabag_hoi,scale_hoi,coffee_grinder_hoi,paper_filter_hoi,spoon_hoi,fork_hoi,honey_jar_hoi,unknown_hoi,person_hoi,watch_hoi,peanut_butter_jar_hoi,jelly_jar_hoi,glove_hoi,step
0.0,0.0,0.0,0.0,0.0,0.0,0.0,0.0,0.0,0.0,0.0,0.0,0.0,0.0,0,0.0,0.0,0.0,0.0,0.0,0.0,0.0,0.0,0.0,0.0,0.0,0,0,0,0,0.0,0,0,0,0.0,0.0,0.0,0,0.0,0,0.0,0.0,0,1
0.0,0.0,0.0,0.0,0.0,0.0,0.0,0.0,0.0,0.0,0.0,0.0,0.0,0.0,0,0.0,0.0,0.0,0.0,0.0,0.0,0.0,0.0,0.0,0.0,0.0,0,0,0,0,0.0,0,0,0,0.0,0.0,0.0,0,0.0,0,0.0,0.0,0,1
0.0,0.0,0.0,0.0,0.0,1.0,0.0,0.0,0.0,0.0,0.0,0.0,0.0,0.0,0,0.0,0.0,0.0,0.0,0.0,0.0,0.0,0.0,0.0,0.0,0.0,0,0,0,0,0.0,0,0,0,0.0,0.0,0.0,0,0.0,0,0.0,0.0,0,1
0.0,0.0,0.0,0.0,0.0,1.0,0.0,0.0,0.0,0.0,0.0,0.0,0.0,0.0,0,0.0,0.0,0.0,0.0,0.0,0.0,0.0,0.0,0.0,0.0,0.0,0,0,0,0,0.0,0,0,0,0.0,0.0,0.0,0,0.0,0,0.0,0.0,0,1
0.0,0.0,0.0,0.0,0.0,1.0,0.0,0.0,0.0,0.0,0.0,0.0,0.0,0.0,0,0.0,0.0,0.0,0.0,0.0,0.0,0.012219668,0.0,0.0,0.0,0.0,0,0,0,0,0.0,0,0,0,0.0,0.0,0.0,0,0.0,0,0.0,0.0,0,1
0.0,0.0,0.0,0.0,0.0,1.0,0.0,0.0,0.0,0.0,0.0,0.0,0.0,0.0,0,0.0,0.0,0.0,0.0,0.0,0.0,0.0,0.0,0.0,0.0,0.0,0,0,0,0,0.0,0,0,0,0.0,0.0,0.0,0,0.0,0,0.0,0.0,0,1
0.0,0.0,0.0,0.0,0.0,1.0,0.0,0.0,0.0,0.0,0.0,0.0,0.0,0.0,0,0.0,0.0,0.0,0.0,0.0,0.0,0.000966383,0.0,0.0,0.0,0.0,0,0,0,0,0.0,0,0,0,0.0,0.0,0.0,0,0.0,0,0.0,0.0,0,1
0.0,0.0,0.0,0.0,0.0,1.0,0.0,0.0,0.0,0.0,0.0,0.0,0.0,0.0,0,0.0,0.0,0.0,0.0,0.0,0.0,0.0,0.0,0.0,0.0,0.0,0,0,0,0,0.0,0,0,0,0.0,0.0,0.0,0,0.051806808,0,0.0,0.0,0,1
0.0,0.0,0.0,0.0,0.0,1.0,0.0,0.0,0.0,0.0,0.0,0.0,0.0,0.0,0,0.0,0.0,0.0,0.0,0.0,0.0,0.0,0.0,0.0,0.0,0.0,0,0,0,0,0.0,0,0,0,0.0,0.0,0.0,0,0.0,0,0.0,0.0,0,1
0.0,0.0,0.0,0.0,0.0,1.0,0.0,0.0,0.0,0.0,0.0,0.0,0.0,0.0,0,0.0,0.0,0.0,0.0,0.0,0.0,0.0,0.0,0.0,0.0,0.0,0,0,0,0,0.0,0,0,0,0.0,0.0,0.0,0,0.009690995,0,0.0,0.0,0,1
0.0,0.0,0.0,0.0,0.0,1.0,0.0,0.0,0.0,0.0,0.0,0.0,0.0,0.0,0,0.0,0.0,0.0,0.0,0.0,0.0,0.0,0.0,0.0,0.0,0.0,0,0,0,0,0.0,0,0,0,0.0,0.0,0.0,0,0.008167634,0,0.0,0.0,0,1
0.0,0.0,0.0,0.0,0.0,1.0,0.0,0.0,0.0,0.0,0.0,0.0,0.0,0.0,0,0.0,0.0,0.0,0.0,0.0,0.0,0.0,0.0,0.0,0.0,0.0,0,0,0,0,0.0,0,0,0,0.0,0.0,0.0,0,0.012206148,0,0.0,0.0,0,1
0.0,0.0,0.0,0.0,0.0,1.0,0.0,0.0,0.0,0.0,0.0,0.0,0.0,0.0,0,0.0,0.0,0.0,0.0,0.0,0.0,0.0,0.0,0.0,0.0,0.0,0,0,0,0,0.0,0,0,0,0.0,0.0,0.0,0,0.01195368,0,0.0,0.0,0,1
0.0,0.0,0.0,0.0,0.0,1.0,0.0,0.0,0.0,0.0,0.0,0.0,0.0,0.0,0,0.0,0.0,0.0,0.0,0.0,0.0,0.0,0.0,0.0,0.0,0.0,0,0,0,0,0.0,0,0,0,0.0,0.0,0.0,0,0.0,0,0.0,0.0,0,1
0.0,0.0,0.0,0.0,0.0,1.0,0.0,0.0,0.0,0.0,0.0,0.0,0.0,0.0,0,0.0,0.0,0.0,0.0,0.0,0.0,0.0,0.0,0.0,0.0,0.0,0,0,0,0,0.0,0,0,0,0.0,0.0,0.0,0,0.0,0,0.0,0.0,0,1
0.0,0.0,0.0,0.0,0.0,1.0,0.0,0.0,0.0,0.0,0.0,0.0,0.0,0.0,0,0.0,0.0,0.0,0.0,0.0,0.0,0.0,0.0,0.0,0.0,0.0,0,0,0,0,0.0,0,0,0,0.0,0.0,0.0,0,0.006427305,0,0.0,0.0,0,1
0.0,0.0,0.0,0.0,0.0,1.0,0.0,0.0,0.0,0.0,0.0,0.0,0.0,0.013073114,0,0.0,0.0,0.0,0.0,0.0,0.0,0.0067117424,0.0,0.0,0.0,0.0,0,0,0,0,0.0,0,0,0,0.0,0.0,0.0,0,0.0,0,0.0,0.0,0,1
0.0,0.0,0.0,0.0,0.0,1.0,0.0,0.0,0.0,0.0,0.0,0.0,0.0,0.0,0,0.0,0.0,0.0,0.0,0.0,0.0,0.0,0.0,0.0,0.0,0.0,0,0,0,0,0.0,0,0,0,0.0,0.0,0.0,0,0.0,0,0.0,0.0,0,1
0.0,0.0,0.0,0.0,0.0,1.0,0.0,0.0,0.0,0.0,0.0,0.0,0.0,0.94489664,0,0.0,0.0,0.0,0.0,0.0,0.0,0.0,0.0,0.0,0.0,0.0,0,0,0,0,0.0,0,0,0,0.0,0.0,0.0,0,0.0,0,0.0,0.0,0,1
0.13636363636363635,0.0,0.20454545454545453,0.8181818181818182,0.0,0.31640625,0.0,0.18181818181818182,0.36363636363636365,0.1590909090909091,0.0,0.18181818181818182,0.06818181818181818,0.91202104,0,0.0,0.0,0.0,0.0,0.0,0.0,0.0,0.0,0.0,0.0,0.0,0,0,0,0,0.0,0,0,0,0.0,0.0,0.0,0,0.017808164,0,0.0,0.0,0,1
0.27886061234907666,0.0,0.18712720003995031,0.4381824840198864,0.0,0.012134898792613633,0.09090909090909091,0.02123607288707386,0.3181207830255682,0.052219390869140625,0.0,0.5739524147727273,0.06897076693448154,0.9596886,0,0.0,0.0,0.0,0.0,0.0,0.0,0.0,0.0,0.0,0.0,0.0,0,0,0,0,0.0,0,0,0,0.0,0.0,0.0,0,0.0,0,0.0,0.0,0,1
0.04430042613636363,0.0,0.06476406743009151,0.8793044600805099,0.0,0.0012148600918325506,0.03835227272727272,0.018905124478888778,0.26366923249919305,0.16289551566164434,0.0,0.06993202865123749,0.1429078386069953,0.0,0,0.0,0.0,0.0,0.0,0.0,0.0,0.0,0.0,0.0,0.0,0.0,0,0,0,0,0.0,0,0,0,0.0,0.0,0.0,0,0.0,0,0.0,0.0,0,1
0.013873299414461306,0.0,0.006483719580212866,0.6295794153226963,0.1477272727272727,0.00012162318515797978,0.09090909090909091,0.0018926471207578932,0.125,0.09090909090909091,0.0,0.007001099242870623,0.09090909090909091,0.0,0,0.0,0.0,0.0,0.57248944,0.0,0.0,0.0,0.0,0.0,0.0,0.0,0,0,0,0,0.0,0,0,0,0.0,0.0,0.0,0,0.0,0,0.0,0.0,0,1
0.046133214627409616,0.0,0.14240056818181818,0.11800367318344712,0.061194159767844473,1.2176051602500996e-05,0.07010997425426135,0.017234932965853905,0.3276108828457919,0.08383039994673297,0.20454545454545453,0.04615544590822701,0.0358428955078125,0.0,0,0.0,0.0,0.0,0.0,0.0,0.0,0.0,0.0,0.0,0.0,0.0,0,0,0,0,0.0,0,0,0,0.0,0.0,0.0,0,0.0,0,0.0,0.0,0,2
0.03444807605101815,0.0,0.11821287870407106,0.18311024488597882,0.15498274883562274,0.08948985534365596,0.1342577944001691,0.09121407574335083,0.06912787007538347,0.03764360434037041,0.020477641712535504,0.004620756234800376,0.07773911578326739,0.0,0,0.0,0.0,0.0,0.0,0.0,0.0,0.0,0.0,0.0,0.0,0.0,0,0,0,0,0.0,0,0,0,0.0,0.0,0.0,0,0.01089761,0,0.0,0.0,0,2
0.0034486973109547434,0.0,0.01183463588222367,0.6277261206660405,0.015515774766701063,0.05402800452493427,0.01344093916411605,0.009131707015260695,0.006920592583688217,0.003768610963091587,0.12815564503067767,0.11978077919453259,0.007782689493622092,0.0,0,0.15625764,0.0,0.0,0.0,0.0,0.0,0.0,0.0,0.0,0.0,0.0,0,0,0,0,0.0,0,0,0,0.0,0.0,0.0,0,0.008354538,0,0.0,0.0,0,2
0.0003452591408870555,0.0,0.0011847998965952987,0.4460000081212669,0.0015533294409839733,0.005408901026734828,0.0013456116005823577,0.0009142018085804049,0.0006928406973507445,0.0003772866291632675,0.012830035202732487,0.5287221715965251,0.0007791477320503929,0.0,0,0.0,0.0,0.0,0.0,0.0,0.0,0.0,0.0,0.0,0.0,0.0,0,0,0,0,0.0,0,0,0,0.0,0.0,0.0,0,0.0,0,0.0,0.0,0,2
3.45648990380855e-05,0.0,0.00011861377138613518,0.2860596626782781,0.00015550833835290296,0.0005415008489442017,0.0001347130998446785,0.04670018818071824,0.03948697593823312,3.777126425079648e-05,0.0012844522241993385,0.6253834226383457,7.80027507016392e-05,0.0,0,0.0,0.0,0.0,0.0,0.0,0.0,0.0,0.0,0.0,0.0,0.0,0,0,0,0,0.0,0,0,0,0.0,0.0,0.0,0,0.0,0,0.0,0.0,0,2
0.03977618766552801,0.0,0.03978460204314452,0.450198380786069,1.556839306538996e-05,5.421122848393108e-05,1.3486521119399043e-05,0.0046752919716444765,0.026680428994526564,3.781391368857966e-06,0.039901317529120274,0.3988904737926582,7.809082753806377e-06,0.0,0,0.0,0.0,0.0,0.0,0.0,0.0,0.0,0.0,0.0,0.0,0.0,0,0,0,0,0.0,0,0,0,0.0,0.0,0.0,0,0.048335973,0,0.0,0.0,0,2
0.4398757757568482,0.016179865056818177,0.011061643446566193,0.4949067096220694,1.5585972122501147e-06,5.427244111374998e-06,1.3501749429989184e-06,0.0004680571079400545,0.002671055521134778,3.785661128399218e-07,0.003994637211739474,0.039934088112695776,7.817900382648263e-07,0.0,0,0.0,0.0,0.0,0.0,0.0,0.0,0.12312544,0.0,0.0,0.0,0.0,0,0,0,0,0.0,0,0,0,0.0,0.0,0.0,0,0.0,0,0.0,0.0,0,2
0.3337586484210587,0.001619813455776734,0.0431426029124619,0.6176770465367188,1.560357102901154e-07,5.433372286183375e-07,1.3516994935632176e-07,4.6858561480631985e-05,0.0002674071544519849,3.789935709141124e-08,0.00039991477579075154,0.003997917970388749,7.826727967919197e-08,0.0,0,0.0,0.0,0.0,0.0,0.0,0.0,0.0,0.0,0.0,0.0,0.0,0,0,0,0,0.0,0,0,0,0.0,0.0,0.0,0,0.0,0,0.0,0.0,0,2
0.3394091455843786,0.00016216424687730637,0.004319131739939308,0.6557289402709982,1.562118980733409e-08,5.4395073806227306e-08,1.353225765574382e-08,4.691147184363196e-06,2.6770909734489024e-05,3.794215116527544e-09,4.003663397160525e-05,0.0004002432221026699,7.835565520861489e-09,0.0,0,0.0,0.0,0.0,0.0,0.0,0.0,0.0,0.0,0.0,0.0,0.0,0,0,0,0,0.0,0,0,0,0.0,0.0,0.0,0,0.0,0,0.0,0.0,0,2
0.19146658803207425,1.6234735470001328e-05,0.0004324008689230621,0.8080466715702379,1.5638828479907068e-09,5.445649402506369e-09,1.354753760976184e-09,4.6964441950388985e-07,2.6801138117673113e-06,3.7984993560084865e-10,4.0081841352493595e-06,4.0069515689325225e-05,7.844413052730136e-10,0.50102085,0,0.0,0.0,0.0,0.0,0.0,0.0,0.3355049,0.0,0.0,0.0,0.0,0,0,0,0,0.0,0,0,0,0.0,0.0,0.0,0,0.0,0,0.0,0.0,0,2
0.05692129672638332,1.6253066927898972e-06,4.328891145331131e-05,0.8964213095008097,1.5656487069194073e-10,0.04660866531790711,1.3562834817145909e-10,4.701747186836276e-08,2.683140063324788e-07,3.802788433040113e-11,4.0127099779313736e-07,4.011476019861798e-06,7.85327057479285e-11,0.0,0,0.0,0.0,0.0,0.0,0.0,0.0,0.0,0.0,0.0,0.0,0.0,0,0,0,0,0.0,0,0,0,0.0,0.0,0.0,0,0.0,0,0.0,0.0,0,2
0.028425829670354407,1.6271419084769465e-07,4.333779114458856e-06,0.754488334417146,1.5674165597684072e-11,0.004666129351055734,1.357814929737767e-11,4.707056166508913e-09,2.6861697319753924e-08,3.807082353084744e-12,4.01724093097042e-08,0.21241522981433636,7.862138098330062e-12,0.0,0,0.0,0.0,0.0,0.0,0.0,0.0,0.0,0.0,0.0,0.0,0.0,0,0,0,0,0.0,0,0,0,0.0,0.0,0.0,0,0.0,0,0.0,0.0,0,2
0.06192643675806101,1.6289791963985055e-08,4.338672602838829e-07,0.8291392622281438,1.5691864087891414e-12,0.0004671398112835185,1.359348106996077e-12,0.05604691986044166,2.6892028215775376e-09,3.8113811216108713e-13,4.02177700013686e-09,0.052419793633104464,7.87101563463494e-13,0.0,0,0.0,0.0,0.0,0.0,0.0,0.0,0.0,0.0,0.0,0.0,0.0,0,0,0,0,0.0,0,0,0,0.0,0.0,0.0,0,0.0,0,0.0,0.0,0,2
0.1757872049050987,1.6308185588944387e-09,4.3435716167031186e-08,0.8133070646726678,1.5709582562355892e-13,4.6766728238390576e-05,1.3608830154420868e-13,0.005611020526189541,2.6922393359939915e-10,3.8156847440931586e-14,4.026318191207572e-10,0.005247898346356178,7.879903195013404e-14,0.0,0,0.0,0.0,0.0,0.0,0.0,0.0,0.0,0.0,0.0,0.0,0.0,0,0,0,0,0.0,0,0,0,0.0,0.0,0.0,0,0.0,0,0.0,0.0,0,2
0.2701010109158684,1.632659998307253e-10,4.348476162290827e-09,0.649261730075477,1.5727321043642732e-14,4.68195349078492e-06,1.362419657030568e-14,0.0005617356212208493,2.6952792790918854e-11,3.819993226012453e-15,4.030864509965955e-11,0.08007083694673695,7.88880079078414e-15,0.0,0,0.0,0.0,0.0,0.0,0.0,0.0,0.00025556656,0.0,0.0,0.0,0.0,0,0,0,0,0.0,0,0,0,0.38818565,0.0,0.0,0,0.24970971,0,0.0,0.0,0,2
0.32440526797042724,1.634503516982099e-11,4.353386245848101e-10,0.664488176271303,1.5745079554342644e-15,4.687240120397929e-07,1.3639580337184993e-15,5.623699052169789e-05,2.6983226547427156e-12,3.82430657285579e-16,4.035415962201939e-12,0.011049849594508712,7.897708433278618e-16,0.0,0,0.0,0.0,0.0,0.0,0.0,0.0,0.34166318,0.0,0.0,0.0,0.0,0,0,0,0,0.0,0,0,0,0.0,0.0,0.0,0,0.0,0,0.0,0.0,0,2
0.19777839326989427,1.6363491172667776e-12,4.358301873628142e-11,0.8011096970571016,1.576285811707185e-16,4.69253271941083e-08,1.3654981474650687e-16,5.6300490541513035e-06,2.701369466822351e-13,3.8286247901163996e-17,4.039972553711994e-13,0.0011062326536494698,7.906626133841096e-17,0.0,0,0.0,0.0,0.0,0.0,0.0,0.0,0.013763219,0.0,0.0,0.0,0.0,0,0,0,0,0.0,0,0,0,0.0,0.0,0.0,0,0.0,0,0.0,0.0,0,2
0.15838049374761626,1.6381968015117383e-13,4.3632230518912105e-12,0.8415081897337593,1.5780656754472105e-17,4.6978312945639734e-09,1.3670400002316765e-17,5.636406226240037e-07,2.7044197192110365e-14,3.832947883293716e-18,4.044534290299131e-14,0.00011074817566824599,7.915553903828649e-18,0.0,0,0.0,0.0,0.0,0.0,0.0,0.0,0.0,0.0,0.0,0.0,0.0,0,0,0,0,0.0,0,0,0,0.0,0.0,0.0,0,0.00066093856,0,0.0,0.0,0,2
0.3635981869982067,1.6400465720700858e-14,4.368149786904638e-13,0.6363906687806218,1.579847548921074e-18,4.703135852605322e-10,1.3685835939819382e-18,5.642770576532118e-08,2.707473415793398e-15,3.8372758578933824e-19,4.049101177772918e-15,1.1087322701406277e-05,7.9244917546111715e-19,0.0,0,0.0,0.0,0.0,0.0,0.0,0.0,0.010907061,0.0,0.0,0.0,0.0,0,0,0,0,0.0,0,0,0,0.0,0.0,0.0,0,0.0,0,0.0,0.0,0,2
0.39088473892745634,1.6418984312975817e-15,4.37308208494283e-14,0.5863868726648036,1.5816314343980662e-19,4.708446400290454e-11,1.3701289306816858e-19,5.649142113132815e-09,2.710530560458448e-16,3.841608719427259e-20,4.053673221949481e-16,0.022728382711468344,7.933439697571396e-20,0.0,0,0.0,0.0,0.0,0.0,0.0,0.0,0.0,0.0,0.0,0.0,0.0,0,0,0,0,0.0,0,0,0,0.4962703,0.0,0.0,0,0.0,0,0.0,0.0,0,2
0.039132610658310564,1.6437523815526479e-16,4.378019952287278e-15,0.8254493394152438,1.5834173341500414e-20,4.713762944382578e-12,1.3716760122989716e-20,5.655520844156555e-10,2.7135911570995907e-17,3.845946473413429e-21,4.0582504286515115e-17,0.13541804935617535,7.942397744104908e-21,0.0,0,0.0,0.0,0.0,0.0,0.0,0.0,0.0,0.0,0.0,0.0,0.0,0,0,0,0,0.0,0,0,0,0.0,0.0,0.0,0,0.0,0,0.0,0.0,0,2
0.2251534751806376,1.6456084251963694e-17,4.3829633952265673e-16,0.6006768025830875,1.5852052504514195e-21,4.719085491652541e-13,1.3732248408040699e-21,5.661906777726922e-11,2.7166552096146256e-18,3.850289125376206e-22,4.062832803708278e-18,0.1741697221791833,7.951365905620162e-22,0.0,0,0.0,0.0,0.0,0.0,0.0,0.0,0.0,0.0,0.0,0.0,0.0,0,0,0,0,0.0,0,0,0,0.0,0.0,0.0,0,0.0,0,0.0,0.0,0,2
0.5587512643394634,1.6474665645924957e-18,4.3879124200563836e-17,0.42381209705591927,1.5869951855791873e-22,4.7244140488788335e-14,1.3747754181694795e-22,5.668299921976674e-12,2.719722721905755e-19,3.854636680846143e-23,4.067420352955629e-19,0.017436638598901696,7.960344193538493e-23,0.9310091,0,0.0,0.0,0.0,0.0,0.0,0.0,0.0,0.0,0.0,0.0,0.0,0,0,0,0,0.0,0,0,0,0.0,0.0,0.0,0,0.0021009115,0,0.0,0.0,0,2
0.7693906437248138,1.6493268021074474e-19,4.3928670330795176e-18,0.08903772923781345,1.5887871418129043e-23,4.729748622847597e-15,1.3763277463699275e-23,5.674700285047754e-13,2.7227936978795864e-20,3.858989145360039e-24,4.072013082236006e-20,0.14157162703680048,7.969332619294135e-24,0.116254635,0,0.0,0.0,0.0,0.0,0.0,0.0,0.0,0.0,0.0,0.0,0.0,0,0,0,0,0.0,0,0,0,0.0,0.0,0.0,0,0.011399389,0,0.0,0.0,0,2
0.926575667153464,1.651189140110315e-20,4.397827240605884e-19,0.008913826622456267,1.5905811214347026e-24,4.735089220352644e-16,1.3778818273823689e-24,5.681107875091296e-14,2.725868141447138e-21,3.863346524460939e-25,4.076610997398442e-21,0.06451050622402252,7.978331194334234e-25,0.7534762,0,0.0,0.0,0.0,0.0,0.0,0.0,0.0,0.7058267,0.0,0.0,0.0,0,0,0,0,0.0,0,0,0,0.0,0.0,0.0,0,0.011707567,0,0.0,0.0,0,2
0.9926492760039349,1.6530535809728667e-21,4.402793048952515e-20,0.0008923891673268975,1.5923771267292912e-25,4.740435848195449e-17,1.379437663185993e-25,5.687522700267638e-15,2.728946056523845e-22,3.867708823698153e-26,4.0812141042985803e-22,0.006458334828732479,7.98733993011885e-26,0.7459427,0,0.0,0.0,0.0,0.0,0.0,0.0,0.0,0.7582583,0.0,0.0,0.0,0,0,0,0,0.0,0,0,0,0.0,0.0,0.0,0,0.0011680423,0,0.0,0.0,0,2
0.9992640975931063,1.6549201270695465e-22,4.407764464443581e-21,8.933968089037741e-05,1.5941751599839602e-26,4.7457885131851714e-18,1.380995255762222e-26,5.693944768746332e-16,2.7320274470295626e-23,3.8720760486272555e-27,4.085822408798672e-23,0.0006465627260027131,7.996358838120998e-27,0.89261335,0,0.0,0.0,0.0,0.0,0.0,0.0,0.0,0.14188884,0.0,0.0,0.0,0,0,0,0,0.0,0,0,0,0.0,0.0,0.0,0,0.0006728117,0,0.0,0.0,0,2
0.9999263266648617,1.6567887807774802e-23,4.412741493410391e-22,8.944055882595309e-06,1.5959752234885805e-27,4.751147222138658e-19,1.3825546070947174e-27,5.70037408870616e-17,2.7351123168885744e-24,3.8764482048100937e-28,4.090435916767592e-24,6.472927925573426e-05,8.005387929826638e-28,0.03372006,0,0.0,0.0,0.0,0.0,0.0,0.0,0.0,0.42365977,0.0,0.0,0.0,0,0,0,0,0.0,0,0,0,0.0,0.0,0.0,0,0.0,0,0.0,0.0,0,2
0.9999926243476587,1.658659544476478e-24,4.417724142191402e-23,8.95415506678891e-07,1.5977773195356103e-28,4.756511981880454e-20,1.3841157191693788e-28,5.706810668335132e-18,2.7382006700295926e-25,3.8808252978147926e-29,4.0950546340808368e-25,6.480236834669073e-06,8.014427216734706e-29,0.82591975,0,0.0,0.0,0.0,0.0,0.0,0.0,0.0,0.0,0.0,0.0,0.0,0,0,0,0,0.0,0,0,0,0.0,0.0,0.0,0,0.0011028969,0,0.0,0.0,0,2
0.9999992616019437,1.6605324205490376e-25,4.422712417132231e-24,8.964265654480291e-08,1.5995814504200957e-29,4.761882799242807e-21,1.385678593974349e-29,5.713254515830505e-19,2.741292510385766e-26,3.885207333215768e-30,4.099678566620539e-26,6.487553996622281e-07,8.02347671035712e-30,0.9461844,0,0.0,0.0,0.0,0.0,0.0,0.0,0.0,0.4095586,0.0,0.0,0.0,0,0,0,0,0.0,0,0,0,0.0,0.0,0.0,0,0.014049172,0,0.0,0.0,0,2
0.9999999260768181,1.6624074113803462e-26,4.427706324585658e-25,8.974387658545714e-09,1.6013876184396738e-30,4.767259681065682e-22,1.387243233500016e-30,5.719705639398794e-20,2.7443878418946852e-27,3.889594316593728e-31,4.104307720275475e-27,6.494879420751766e-08,8.03253642221879e-31,0.0,0,0.0,0.0,0.0,0.0,0.0,0.0,0.0,0.7914692,0.0,0.0,0.0,0,0,0,0,0.0,0,0,0,0.0,0.0,0.0,0,0.0016857422,0,0.0,0.0,0,2
0.9999999925993348,1.664284519358284e-27,4.4327058709116376e-26,8.984521091875982e-10,1.603195825894577e-31,4.772642634196768e-23,1.3888096397390142e-31,5.72616404725578e-21,2.747486668498387e-28,3.893986253535683e-32,4.108942100941069e-28,6.502213116386769e-09,8.041606363857649e-32,0.0,0,0.0,0.0,0.0,0.0,0.0,0.0,0.0,0.0,0.0,0.0,0.0,0,0,0,0,0.0,0,0,0,0.0,0.0,0.0,0,0.0026602296,0,0.0,0.0,0,2
0.8849431810772797,1.6661637468734284e-28,4.4377110624773044e-27,8.994665967376454e-11,1.6050060750876343e-32,4.7780316654914844e-24,1.390377814686229e-32,0.11505681818181818,2.7505889941433583e-29,3.89838314963495e-33,4.1135817145194015e-29,6.509555092867063e-10,8.050686546824654e-33,0.0,0,0.0,0.0,0.0,0.0,0.0,0.0,0.0,0.0,0.0,0.0,0.0,0,0,0,0,0.0,0,0,0,0.0,0.0,0.0,0,0.0,0,0.0,0.0,0,2
0.988481326462525,1.6680450963190557e-29,4.442721905656982e-28,9.00482229796706e-12,1.6068183683242745e-33,4.783426781812993e-25,1.3919477603387982e-33,0.011518673463301227,2.7536948227805443e-30,3.9027850104911665e-34,4.118226566919219e-30,6.516905359542969e-11,8.059776982683801e-34,0.0,0,0.0,0.0,0.0,0.0,0.0,0.0,0.0,0.0,0.0,0.0,0.0,0,0,0,0,0.0,0,0,0,0.0,0.0,0.0,0,0.0,0,0.0,0.0,0,2
0.9988468320147801,1.6699285700911446e-30,4.447738406832192e-29,9.01499009658232e-13,1.6086327079125312e-34,4.788827990032204e-26,1.393519478696114e-34,0.00115316797779418,2.7568041583653486e-31,3.9071918417102875e-35,4.122876664055939e-31,6.524263925775362e-12,8.06887768301215e-35,0.95915604,0,0.0,0.0,0.0,0.0,0.0,0.0,0.0,0.0,0.0,0.0,0.0,0,0,0,0,0.0,0,0,0,0.0,0.0,0.0,0,0.0,0,0.0,0.0,0,2
0.9998845529914699,1.671814170588379e-31,4.452760572391664e-30,9.025169376171356e-14,1.6104490961630425e-35,4.7942352970277845e-27,1.3950929717598273e-35,0.00011544700778667625,2.7599170048576433e-32,3.9116036489046015e-36,4.1275320118516556e-32,6.531630800935692e-13,8.07798865939983e-36,0.845407,0,0.0,0.0,0.0,0.0,0.0,0.0,0.0,0.0,0.0,0.0,0.0,0,0,0,0,0.0,0,0,0,0.0,0.0,0.0,0,0.03378935,0,0.0,0.0,0,2
0.9999884422634435,1.6737019002121512e-32,4.45778840873134e-31,9.035360149697916e-15,1.6122675353890564e-36,4.79964870968617e-28,1.3966682415338483e-36,1.1557736482061508e-05,2.763033366221771e-33,3.916020437692732e-37,4.1321926162351554e-33,6.539005994405988e-14,8.087109923450055e-37,0.94949746,0,0.0,0.0,0.0,0.0,0.0,0.0,0.0,0.0,0.0,0.0,0.0,0,0,0,0,0.0,0,0,0,0.0,0.0,0.0,0,0.0059366636,0,0.0,0.0,0,2
0.999998842921302,1.6755917613665658e-33,4.4628219222543834e-32,9.045562430140385e-16,1.6140880279064334e-37,4.8050682349015754e-29,1.3982452900243499e-37,1.1570786904724969e-06,2.7661532464265497e-34,3.920442213699648e-38,4.1368584831419155e-34,6.546389515578871e-15,8.096241486779145e-38,0.004315305,0,0.0,0.0,0.0,0.0,0.0,0.0,0.0,0.0,0.0,0.0,0.0,0,0,0,0,0.0,0,0,0,0.3511206,0.0,0.0,0,0.0022600912,0,0.0,0.0,0,2
0.9776277250705696,1.6774837564584405e-34,0.022372159090909092,9.0557762304918e-17,1.6159105760336473e-38,4.810493879575995e-30,1.3998241192397706e-38,1.1583852063278278e-07,2.769276649445281e-35,3.924868982556671e-39,4.141529618514115e-35,6.553781373857569e-16,8.105383361016536e-39,0.95300007,0,0.0,0.0,0.0,0.0,0.0,0.0,0.0,0.0,0.0,0.0,0.0,0,0,0,0,0.0,0,0,0,0.0,0.0,0.0,0,0.0,0,0.0,0.011480653,0,2
0.9977602463407593,1.6793778878973126e-35,0.0022397420623085714,9.066001563759872e-18,1.6177351820917914e-39,4.815925650619216e-31,1.4014047311908164e-39,1.1596931974360471e-08,2.772403579255751e-36,3.929300749901476e-40,4.146206028300645e-36,6.561181578655931e-17,8.11453555780479e-40,0.0,0,0.0,0.0,0.0,0.0,0.0,0.0,0.0,0.0,0.0,0.0,0.0,0,0,0,0,0.0,0,0,0,0.0,0.0,0.0,0,0.0,0,0.0,0.0,0,2
0.9472189535503859,1.681274158095439e-36,0.052781045288611494,9.076238442966998e-19,1.6195618484045778e-40,4.8213635549488337e-32,1.4029871278904642e-40,1.1610026654629372e-09,2.7755340398402375e-37,3.93373752137811e-41,4.150887718457112e-37,6.568590139398431e-18,8.123698088799627e-41,0.0,0,0.0,0.0,0.0,0.0,0.0,0.0,0.0,0.0,0.0,0.0,0.0,0,0,0,0,0.0,0,0,0,0.0,0.0,0.0,0,0.0,0,0.0,0.0,0,2
0.9820941427011455,1.6831725694678e-37,0.017905857182623268,9.08648688115028e-20,1.6213905772983451e-41,4.82680759949025e-33,1.4045713113539633e-41,1.1623136120761613e-10,2.778668035185516e-38,3.93817930263699e-42,4.155574694945849e-38,6.576007065520189e-19,8.132870965669914e-42,0.0,0,0.0,0.0,0.0,0.0,0.0,0.0,0.0,0.0,0.0,0.0,0.0,0,0,0,0,0.0,0,0,0,0.0,0.0,0.0,0,0.0,0,0.0,0.0,0,2
0.9982073924295383,1.685073124432104e-38,0.0017926075588255504,9.096746891361539e-21,1.623221371102057e-42,4.832257791176686e-34,1.4061572835988394e-42,1.1636260389452657e-11,2.7818055692828624e-39,3.9426260993349134e-43,4.160266963735918e-39,6.583432366466974e-20,8.142054200097702e-43,0.0,0,0.0,0.0,0.0,0.0,0.0,0.0,0.0,0.0,0.0,0.0,0.0,0,0,0,0,0.0,0,0,0,0.0,0.0,0.0,0,0.0,0,0.0,0.0,0,2
0.9998205368305999,1.686975825408788e-39,0.00017946316823508356,9.107018486667337e-22,1.6250542321473075e-43,4.837714136949194e-35,1.4077450466448951e-43,1.164939947741682e-12,2.784946646128061e-40,3.9470779171350666e-44,4.164964530803125e-40,6.590866051695225e-21,8.151247803778233e-44,0.95853263,0,0.0,0.0,0.0,0.0,0.0,0.0,0.0,0.0,0.0,0.0,0.0,0,0,0,0,0.0,0,0,0,0.0,0.0,0.0,0,0.0019497563,0,0.0,0.0,0,2
0.9999820334189693,1.6888806748210232e-40,1.7966580914159902e-05,9.117301680148987e-23,1.626889162768323e-44,4.8431766437566625e-36,1.409334602514215e-44,1.1662553401387293e-13,2.788091269721407e-41,3.9515347617070275e-45,4.16966740213002e-41,6.598308130672053e-22,8.16045178841995e-45,0.0,0,0.0,0.0,0.0,0.0,0.0,0.0,0.0,0.0,0.0,0.0,0.0,0,0,0,0,0.0,0,0,0,0.0,0.0,0.0,0,0.0,0,0.0,0.0,0,2
0.9999982013131997,1.6907876750947162e-41,1.7986867886017322e-06,9.127596484902572e-24,1.6287261653019665e-45,4.848645318555826e-37,1.410925953231165e-45,1.1675722178116154e-14,2.7912394440677112e-42,3.955996638726778e-46,4.174375583705912e-42,6.605758612875266e-23,8.169666165744521e-46,0.0,0,0.0,0.0,0.0,0.0,0.0,0.0,0.0,0.0,0.0,0.0,0.0,0,0,0,0,0.0,0,0,0,0.0,0.0,0.0,0,0.0104622245,0,0.0,0.0,0,2
0.9552555017464031,1.6926968286585132e-42,0.04474449825359583,9.137902914038969e-25,1.6305652420877389e-46,4.854120168311276e-38,1.4125191008223992e-46,1.16889058243744e-15,2.7943911731763087e-43,3.9604635538767068e-47,4.179089081526869e-43,6.613217507793369e-24,8.178890947486849e-47,0.73035485,0,0.0,0.0,0.0,0.0,0.0,0.0,0.0,0.06640638,0.0,0.0,0.0,0,0,0,0,0.0,0,0,0,0.0,0.0,0.0,0,0.0,0,0.0,0.0,0,2
0.974430077038213,1.6946081379438028e-43,0.02556992296178681,9.148220980683849e-26,1.632406395467782e-47,4.859601199995466e-39,1.4141140473168583e-47,1.1702104356951973e-16,2.79754646106106e-44,3.9649355128456237e-48,4.183807901595732e-44,6.620684824925582e-25,8.188126145395083e-48,0.0,0,0.0,0.0,0.0,0.0,0.0,0.0,0.0,0.0,0.0,0.0,0.0,0,0,0,0,0.0,0,0,0,0.0,0.0,0.0,0,0.0,0,0.0,0.0,0,2
0.6099223647931531,1.696521605384718e-44,0.07189581702502873,0.03977272727272727,1.6342496277868835e-48,4.865088420588721e-40,1.4157107947457745e-48,1.1715317792657758e-17,0.1590909090909091,0.11931818181818181,4.188532049922119e-45,6.628160573781853e-26,8.197371771230642e-49,0.0,0,0.0,0.0,0.0,0.0,0.0,0.0,0.0019338997,0.0,0.0,0.0,0.0,0,0,0,0,0.0,0,0,0,0.0,0.0,0.0,0,0.0,0,0.0,0.0,0,2
0.8710503415048588,1.6984372334181418e-45,0.08496065037191682,0.007015488364479758,1.636094941392478e-49,4.870581837079253e-41,1.4173093451426737e-49,1.1728546148319632e-18,0.02199450406161222,0.014979015697132458,4.193261532522435e-46,6.635644763882864e-27,8.206627836768225e-50,0.0,0,0.0,0.0,0.0,0.0,0.0,0.0,0.0,0.0,0.0,0.0,0.0,0,0,0,0,0.0,0,0,0,0.0,0.0,0.0,0,0.0,0,0.0,0.0,0,2
0.8154596144197599,1.7003550244837078e-46,0.18013651774734724,0.0007023409905906936,1.6379423386346512e-50,4.8760814564631614e-42,1.418909700543378e-50,1.1741789440784472e-19,0.0022019339164465,0.0014995929258558053,4.197996355419876e-47,6.643137404760053e-28,8.215894353795824e-51,0.0,0,0.0,0.0,0.0,0.0,0.0,0.0,0.0,0.0,0.0,0.0,0.0,0,0,0,0,0.0,0,0,0,0.0,0.0,0.0,0,0.011651994,0,0.0,0.0,0,2
0.9693902252645159,1.7022749810238044e-47,0.02410144129297957,7.031340391945712e-05,1.6397918218661422e-51,4.881587285744447e-43,1.4205118629860084e-51,1.1755047686918168e-20,0.0002204420230988386,0.00015012861917938137,0.006067449396306816,6.650638505955612e-29,8.225171334114746e-52,0.00799464,0,0.0,0.0,0.0,0.0,0.0,0.0,0.0,0.0,0.0,0.0,0.0,0,0,0,0,0.0,0,0,0,0.0,0.0,0.0,0,0.0,0,0.0,0.0,0,2
0.9969355662225416,1.7041971054835782e-48,0.002412865544483016,7.0392798326958945e-06,1.6416433934423459e-52,4.887099331935017e-44,1.4221158345109866e-52,1.1768320903605666e-21,2.2069093529533085e-05,1.502981369683718e-05,0.0006074300459162753,6.658148077022518e-30,8.234458789539619e-53,0.0,0,0.0,0.0,0.0,0.0,0.0,0.0,0.0,0.0,0.0,0.0,0.0,0,0,0,0,0.0,0,0,0,0.0,0.0,0.0,0,0.0,0,0.0,0.0,0,2
0.9996932106015943,1.7061214003109369e-49,0.00024155900325550944,7.047228238268703e-07,1.6434970557213183e-53,4.8926176020546954e-45,1.4237216171610386e-53,1.1781609107750971e-22,2.2094012855112694e-06,1.5046784616843983e-06,6.081159257898989e-05,6.6656661275245276e-31,8.243756731898413e-54,0.85811365,0,0.0,0.0,0.0,0.0,0.0,0.0,0.0,0.0,0.0,0.0,0.0,0,0,0,0,0.0,0,0,0,0.0,0.0,0.0,0,0.0038367156,0,0.0,0.0,0,2
0.9999692864190225,1.708047867956552e-50,2.418317596983943e-05,7.055185618786769e-08,1.6453528110637773e-54,4.898142103131234e-46,1.4253292129811973e-54,1.1794912316277178e-23,2.211896031835852e-07,1.5063774699571739e-07,6.088025801250498e-06,6.673192667036198e-32,8.253065173032452e-55,0.0464387,0,0.0,0.0,0.0,0.0,0.0,0.0,0.0,0.0,0.0,0.0,0.0,0,0,0,0,0.0,0,0,0,0.0,0.0,0.0,0,0.0,0,0.0,0.0,0,2
0.9999969251738771,1.709976510873861e-51,2.4210482412432333e-06,7.063151984384153e-09,1.647210661833106e-55,4.903672842200322e-47,1.4269386240188041e-55,1.1808230546126489e-24,2.214393595104221e-08,1.508078396665805e-08,6.094900097962115e-07,6.680727705142899e-33,8.262384124796434e-56,0.019697826,0,0.0,0.0,0.0,0.0,0.0,0.0,0.0,0.0,0.0,0.0,0.0,0,0,0,0,0.0,0,0,0,0.0,0.0,0.0,0,0.0012963443,0,0.0,0.0,0,2
0.9999996921701936,1.711907331519074e-52,2.4237819688105545e-07,7.071127345206363e-10,1.6490706103953564e-56,4.9092098263055896e-48,1.428549852323513e-56,1.1821563814260239e-25,2.2168939784971304e-09,1.5097812439764932e-09,6.10178215678855e-08,6.688271251440819e-34,8.271713599058441e-57,0.0,0,0.0,0.0,0.0,0.0,0.0,0.0,0.0,0.0,0.0,0.0,0.0,0,0,0,0,0.0,0,0,0,0.0,0.0,0.0,0,0.0,0,0.0,0.0,0,2
0.9999999691822608,1.713840332351172e-53,2.426518783167427e-08,7.079111711410361e-11,1.6509326591192527e-57,4.9147530624986225e-49,1.4301628999472914e-57,1.1834912137658909e-26,2.2193971851989247e-10,1.5114860140578876e-10,6.1086719864943955e-09,6.695823315536989e-35,8.281053607699957e-58,0.00717784,0,0.0,0.0,0.0,0.0,0.0,0.0,0.0,0.3764803,0.0,0.0,0.0,0,0,0,0,0.0,0,0,0,0.0,0.0,0.0,0,0.007965344,0,0.0,0.0,0,2
0.9999999969147463,1.7157755158319152e-54,2.4292586877992997e-09,7.0871050931645785e-12,1.652796810376193e-58,4.920302557838968e-50,1.4317777689444244e-58,1.1848275533322157e-27,2.2219032183975443e-11,1.5131927090810855e-11,6.115569595854145e-10,6.703383907049283e-36,8.290404162615878e-59,0.0,0,0.0,0.0,0.0,0.0,0.0,0.0,0.0,0.0,0.0,0.0,0.0,0,0,0,0,0.0,0,0,0,0.0,0.0,0.0,0,0.00888681,0,0.0,0.0,0,2
0.9999999996911262,1.7177128844258417e-55,2.432001686195558e-10,7.095107500648927e-13,1.6546630665402526e-59,4.925858319394146e-51,1.433394461371516e-59,1.186165401826884e-28,2.2244120812845287e-12,1.5149013312196355e-12,6.122474993652199e-11,6.710953035606438e-37,8.299765275714534e-60,0.0,0,0.0,0.0,0.0,0.0,0.0,0.0,0.0,0.0,0.0,0.0,0.0,0,0,0,0,0.0,0,0,0,0.0,0.0,0.0,0,0.0,0,0.0,0.0,0,2
0.9701704545145322,1.7196524406002723e-56,0.02982954547889293,7.103118944054811e-14,1.6565314299881893e-60,4.931420354239653e-52,1.4350129792874934e-60,1.1875047609537028e-29,2.2269237770550222e-13,1.5166118826495406e-13,6.129388188682872e-12,6.718530710848059e-38,8.309136958917703e-61,0.0,0,0.0,0.0,0.0,0.0,0.0,0.0,0.0,0.0,0.0,0.0,0.0,0,0,0,0,0.0,0,0,0,0.0,0.0,0.0,0,0.015620781,0,0.0,0.0,0,2
0.9970136772471595,1.7215941868253152e-57,0.002986322752182258,7.111139433585146e-15,1.6584019030994434e-61,4.936988669458978e-53,1.4366333247536079e-61,1.1888456324184027e-30,2.2294383089077762e-14,1.5183243655492608e-14,6.136309189750416e-13,6.72611694242464e-39,8.318519224160622e-62,0.0,0,0.0,0.0,0.0,0.0,0.0,0.0,0.0,0.0,0.0,0.0,0.0,0,0,0,0,0.0,0,0,0,0.0,0.0,0.0,0,0.0059816614,0,0.0,0.0,0,2
0.9997010305239658,1.7235381255738665e-58,0.0002989694759684417,7.119168979454367e-16,1.6602744882561414e-62,4.942563272143609e-54,1.4382554998334381e-62,1.1901880179286408e-31,2.2319556800451537e-15,1.5200387820997164e-15,6.143238005669019e-14,6.733711739997569e-40,8.327912083392004e-63,0.0,0,0.0,0.0,0.0,0.0,0.0,0.0,0.0,0.0,0.0,0.0,0.0,0,0,0,0,0.0,0,0,0,0.0,0.0,0.0,0,0.0,0,0.0,0.0,0,2
0.9999700692942466,1.725484259321615e-59,2.993070574690164e-05,7.127207591888443e-17,1.6621491878431005e-63,4.94814416939304e-55,1.4398795065928937e-63,1.1915319191940023e-32,2.2344758936731344e-16,1.5217551344842899e-16,6.150174645262822e-15,6.741315113239144e-41,8.337315548574056e-64,0.92131907,0,0.0,0.0,0.0,0.0,0.0,0.0,0.0,0.7708664,0.0,0.0,0.0,0,0,0,0,0.0,0,0,0,0.0,0.0,0.0,0,0.0086688865,0,0.0,0.0,0,2
0.9999970035497978,1.7274325905470452e-60,2.9964502014987433e-06,7.135255281124889e-18,1.664026004247831e-64,4.9537313683147795e-56,1.441505347100216e-64,1.1928773379260022e-33,2.236998953001318e-17,1.5234734248888284e-17,6.157119117365931e-16,6.748927071832583e-42,8.34672963168249e-65,0.9179855,0,0.0,0.0,0.0,0.0,0.0,0.0,0.0,0.0,0.0,0.0,0.0,0,0,0,0,0.0,0,0,0,0.0,0.0,0.0,0,0.011344231,0,0.0,0.0,0,2
0.9999997000166355,1.72938312173144e-61,2.999833644414254e-07,7.143312057412778e-19,1.6659049398605371e-65,4.959324876024363e-57,1.4431330234259822e-65,1.1942242758380889e-34,2.239524861242928e-18,1.5251936555016486e-18,6.16407143082243e-17,6.7565476254720425e-43,8.356154344706546e-66,0.9180307,0,0.0,0.0,0.0,0.0,0.0,0.0,0.0,0.0,0.0,0.0,0.0,0,0,0,0,0.0,0,0,0,0.0,0.0,0.0,0,0.011492847,0,0.0,0.0,0,2
0.999999969967791,1.7313358553588833e-62,3.003220907745655e-08,7.151377931012763e-20,1.667785997074125e-66,4.964924699645362e-58,1.4447625376431075e-66,1.1955727346456456e-35,2.242053621614815e-19,1.526915828513537e-19,6.171031594486385e-18,6.764176783862622e-44,8.365589699648993e-67,0.95159584,0,0.0,0.0,0.0,0.0,0.0,0.0,0.0,0.0,0.0,0.0,0.0,0,0,0,0,0.0,0,0,0,0.0,0.0,0.0,0,0.0051319906,0,0.0,0.0,0,2
0.9999999969933879,1.7332907939162646e-63,3.006611995806769e-09,7.159452912197071e-21,1.6696691782842e-67,4.97053084630939e-59,1.4463938918268477e-67,1.1969227160659912e-36,2.2445852373374636e-20,1.5286399461177546e-20,6.177999617221859e-19,6.771814556720378e-45,8.375035708526162e-68,0.83165246,0,0.0,0.0,0.0,0.0,0.0,0.0,0.0,0.57693136,0.0,0.0,0.0,0,0,0,0,0.0,0,0,0,0.0,0.0,0.0,0,0.0034783338,0,0.0,0.0,0,2
0.9999999996989993,1.735247939893282e-64,3.010006912916292e-10,7.167537011249538e-22,1.671554485889074e-68,4.976143323156113e-60,1.4480270880548016e-68,1.198274221818385e-37,2.2471197116349942e-21,1.5303660105100381e-21,6.184975507902928e-20,6.779460953772339e-46,8.384492383367942e-69,0.92608505,0,0.0,0.0,0.0,0.0,0.0,0.0,0.0,0.0,0.0,0.0,0.0,0,0,0,0,0.0,0,0,0,0.0,0.0,0.0,0,0.019087061,0,0.0,0.0,0,2
0.9999999999698659,1.7372072957824435e-65,3.0134056633977955e-11,7.17563023846561e-23,1.6734419222897666e-69,4.981762137333261e-61,1.4496621284069144e-69,1.1996272536240272e-38,2.249657047735168e-22,1.5320940238886046e-22,6.191959275413682e-21,6.787115984756517e-47,8.393959736217813e-70,0.94545424,0,0.0,0.0,0.0,0.0,0.0,0.0,0.0,0.0,0.0,0.0,0.0,0,0,0,0,0.0,0,0,0,0.0,0.0,0.0,0,0.010578718,0,0.0,0.0,0,2
0.9999999999969832,1.739168864079073e-66,3.016808251579733e-12,7.183732604152354e-24,1.6753314898900082e-70,4.987387295996631e-62,1.4512990149654796e-70,1.200981813206061e-39,2.25219724886939e-23,1.5338239884541528e-23,6.19895092864825e-22,6.794779659421923e-48,8.403437779132854e-71,0.9121572,0,0.0,0.0,0.0,0.0,0.0,0.0,0.0,0.0,0.0,0.0,0.0,0,0,0,0,0.0,0,0,0,0.0,0.0,0.0,0,0.0076587945,0,0.0,0.0,0,2
0.999999999999698,1.741132647281311e-67,3.020214681795445e-13,7.19184411862848e-25,1.6772231910962438e-71,4.993018806310104e-63,1.4529377498151414e-71,1.202337902289576e-40,2.2547403182727155e-24,1.5355559064098656e-24,6.2059504765108e-23,6.802451987528569e-49,8.412926524183755e-72,0.8838742,0,0.0,0.0,0.0,0.0,0.0,0.0,0.0,0.040638767,0.0,0.0,0.0,0,0,0,0,0.0,0,0,0,0.0,0.0,0.0,0,0.0109335575,0,0.0,0.0,0,2
0.9999999999999698,1.7430986478901184e-68,3.023624958383166e-14,7.199964792224343e-26,1.6791170283176358e-72,4.998656675445648e-64,1.454578335042899e-72,1.2036955226016093e-41,2.257286259183851e-25,1.537289779961415e-25,6.212957927915551e-24,6.810132978847495e-50,8.422425983454835e-73,0.8776307,0,0.0,0.0,0.0,0.0,0.0,0.0,0.0,0.44222385,0.0,0.0,0.0,0,0,0,0,0.0,0,0,0,0.0,0.0,0.0,0,0.011035161,0,0.0,0.0,0,2
0.999999999999997,1.7450668684092815e-69,3.0270390856860275e-15,7.20809463528197e-27,1.6810130039660656e-73,5.004300910583326e-65,1.4562207727381073e-73,1.2050546758711486e-42,2.25983507484516e-26,1.5390256113169623e-26,6.219973291786792e-25,6.817822643160769e-51,8.431936169044063e-74,0.9140908,0,0.0,0.0,0.0,0.0,0.0,0.0,0.0,0.41250733,0.0,0.0,0.0,0,0,0,0,0.0,0,0,0,0.0,0.0,0.0,0,0.004291008,0,0.0,0.0,0,2
0.9701704545454544,1.7470373113454126e-70,0.02982954545454576,7.2162336581550605e-28,1.6829111204561395e-74,5.009951518911315e-66,1.4578650649924804e-74,1.2064153638291329e-43,2.2623867685026695e-27,1.540763402687163e-27,6.22699657705889e-26,6.825520990261504e-52,8.441457093063064e-75,0.0,0,0.0,0.0,0.0,0.0,0.0,0.0,0.0,0.0,0.0,0.0,0.0,0,0,0,0,0.0,0,0,0,0.0,0.0,0.0,0,0.0029379781,0,0.0,0.0,0,2
0.9970136772502552,1.7490099792079548e-71,0.002986322749744793,7.224381871209007e-29,1.6848113802051899e-75,5.015608507625907e-67,1.4595112139000955e-75,1.2077775882084565e-44,2.2649413434060693e-28,1.542503156285168e-28,6.234027792676298e-27,6.833228029953876e-53,8.450988767637139e-76,0.0,0,0.0,0.0,0.0,0.0,0.0,0.0,0.0,0.0,0.0,0.0,0.0,0,0,0,0,0.0,0,0,0,0.0,0.0,0.0,0,0.0,0,0.0,0.0,0,2
0.864879919018594,1.7509848745091847e-72,0.13512008098140627,7.232539284820906e-30,1.6867137856332785e-76,1.0,1.4611592215573922e-76,1.20914135074397e-45,2.2674988028087192e-29,1.5442448743266277e-29,6.241066947593565e-28,6.840943772053128e-54,8.460531204905283e-77,0.0,0,0.0,0.0,0.0,0.0,0.0,0.0,0.0,0.0,0.0,0.0,0.0,0,0,0,0,0.0,0,0,0,0.0,0.0,0.0,0,0.004163093,0,0.0,0.0,0,2
0.8842000075399099,1.7529619997642148e-73,0.11579999246009004,7.240705909379572e-31,1.6886183391631986e-77,1.0,1.4628090900631788e-77,1.2105066531724832e-46,2.2700591499676528e-30,1.545988559029694e-30,6.248114050775356e-29,6.848668226385585e-55,8.470084417020194e-78,0.0,0,0.0,0.0,0.0,0.0,0.0,0.0,0.0,0.0,0.0,0.0,0.0,0,0,0,0,0.0,0,0,0,0.0,0.0,0.0,0,0.0028557645,0,0.0,0.0,0,2
0.802063818836785,1.7549413574909994e-74,0.19793618116321515,0.5454545454545454,0.09090909090909091,0.7727272727272727,1.4644608215186332e-78,0.2727272727272727,2.272622388143581e-31,1.5477342126150244e-31,6.255169111196459e-30,6.856401402788667e-56,8.479648416148299e-79,0.0,0,0.0,0.0,0.0,0.0,0.0,0.0,0.0,0.0,0.0,0.0,0.0,0,0,0,0,0.0,0,0,0,0.0,0.0,0.0,0,0.012450983,0,0.0,0.0,0,2
0.9801840319120505,1.756922950210334e-75,0.019815968087949443,0.05460704456676135,0.009101174094460224,0.9545197920365768,1.466114418027306e-79,0.027303522283380673,2.275188520600896e-32,0.09090909090909091,6.262232137841792e-31,6.864143311110909e-57,8.489223214469756e-80,0.0,0,0.0,0.0,0.0,0.0,0.0,0.0,0.0,0.0,0.0,0.0,0.0,0,0,0,0,0.0,0,0,0,0.0,0.0,0.0,0,0.0022391402,0,0.0,0.0,0,2
0.9630596670908489,1.7589067804458625e-76,0.036940332909151115,7.265261152800343e-34,1.6943449126329506e-80,5.04398940943735e-72,1.4677698816951223e-80,1.214611817213548e-49,2.2777575506076778e-33,1.5512314353276427e-33,6.26930313970642e-32,6.871893961211957e-58,8.498808824178479e-81,0.0,0,0.0,0.0,0.0,0.0,0.0,0.0,0.0,0.0,0.0,0.0,0.0,0,0,0,0,0.0,0,0,0,0.0,0.0,0.0,0,0.0,0,0.0,0.0,0,2
0.9543983864990424,1.760892850724076e-77,0.036013545319139445,7.273464725269019e-35,1.6962580828529036e-81,5.0496848320493246e-73,1.469427214630386e-81,1.2159832966214124e-50,2.2803294814356953e-34,1.552983008908793e-34,0.00958806818181818,6.879653362962591e-59,8.508405257482149e-82,0.0,0,0.0,0.0,0.0,0.0,0.0,0.0,0.0,0.054719564,0.0,0.0,0.0,0,0,0,0,0.0,0,0,0,0.0,0.0,0.0,0,0.081743866,0,0.0,0.0,0,2
0.8692819573863948,1.76288116357432e-78,0.12975815315833023,7.281677560804754e-36,1.6981734133297572e-82,5.0553866856499655e-74,1.471086418943781e-82,1.2173563246357859e-51,2.282904316360412e-35,1.5547365602799363e-35,0.0009598894552751017,6.887421526244745e-60,8.51801252660223e-83,0.0,0,0.0,0.0,0.0,0.0,0.0,0.0,0.0,0.0,0.0,0.0,0.0,0,0,0,0,0.0,0,0,0,0.0,0.0,0.0,0,0.0,0,0.0,0.0,0,2
0.8357695813911211,1.7648717215287957e-79,0.16413432127739627,7.2898996698669415e-37,1.700090906502767e-83,5.0610949775008265e-75,1.472747496748375e-83,1.218730903005278e-52,2.2854820586609896e-36,1.5564920916742957e-36,9.609733148284824e-05,6.895198460951506e-61,8.52763064377399e-84,0.0,0,0.0,0.0,0.0,0.0,0.0,0.0,0.0,0.0,0.0,0.0,0.0,0,0,0,0,0.0,0,0,0,0.0,0.0,0.0,0,0.0,0,0.0,0.0,0,2
0.23437499999999997,0.016629305752840908,0.20561079545454544,0.0030751146074511435,0.0005125191012418573,0.30098055329753237,0.09090909090909091,0.0015375573037255718,0.2059659090909091,0.024782440879128197,9.62058398222301e-06,0.07670454545454544,0.09090909090909091,0.0,0,0.0,0.0,0.0,0.0,0.0,0.0,0.0,0.0,0.0,0.0,0.0,0,0,0,0,0.0,0,0,0,0.0,0.0,0.0,0,0.0,0,0.0,0.0,0,2
0.20106378468600186,0.018443927592174572,0.025977584448727695,0.023035131414703865,5.130978123852272e-05,0.15590330298966315,0.08267628062855113,0.00015392934371556816,0.1290807073766535,0.1504718760274541,9.631447068384577e-07,0.007679115642200814,0.24746981534090912,0.0,0,0.0,0.0,0.0,0.0,0.0,0.0,0.0,0.0,0.0,0.0,0.0,0,0,0,0,0.0,0,0,0,0.0,0.0,0.0,0,0.0,0,0.0,0.0,0,2
0.6189777419925121,0.007014646669003097,0.11229887993162782,0.005222049204431002,0.00011276577649607598,0.09137677125743911,0.034717074307528406,0.000338297329488228,0.06700932329351253,0.03505086338131646,0.002130927739453038,0.01687673221934925,0.06767578125,0.0,0,0.0,0.0,0.0,0.0,0.0,0.0,0.0,0.0,0.0,0.0,0.0,0,0,0,0,0.0,0,0,0,0.0,0.0,0.0,0,0.0,0,0.0,0.0,0,2
0.6189777419925121,0.007014646669003097,0.11229887993162782,0.005222049204431002,0.00011276577649607598,0.09137677125743911,0.034717074307528406,0.000338297329488228,0.06700932329351253,0.03505086338131646,0.002130927739453038,0.01687673221934925,0.06767578125,0.0,0,0.0,0.0,0.0,0.0,0.0,0.0,0.0,0.0,0.0,0.0,0.0,0,0,0,0,0.0,0,0,0,0.0,0.0,0.0,0,0.0,0,0.0,0.0,0,2
0.6189777419925121,0.007014646669003097,0.11229887993162782,0.005222049204431002,0.00011276577649607598,0.09137677125743911,0.034717074307528406,0.000338297329488228,0.06700932329351253,0.03505086338131646,0.002130927739453038,0.01687673221934925,0.06767578125,0.0,0,0.89528424,0.0,0.0,0.0,0.0,0.0021526658,0.0,0.0,0.0,0.0027231271,0.0,0,0,0,0,0.0,0,0,0,0.0,0.0,0.0,0,0.0075794593,0,0.0,0.0,0,3
0.6189777419925121,0.007014646669003097,0.11229887993162782,0.005222049204431002,0.00011276577649607598,0.09137677125743911,0.034717074307528406,0.000338297329488228,0.06700932329351253,0.03505086338131646,0.002130927739453038,0.01687673221934925,0.06767578125,0.0,0,0.09152684,0.0,0.0,0.0,0.0,0.033060037,0.0,0.0,0.0,0.0,0.0,0,0,0,0,0.0,0,0,0,0.0,0.0,0.0,0,0.0,0,0.0,0.0,0,3
0.6189777419925121,0.007014646669003097,0.11229887993162782,0.005222049204431002,0.00011276577649607598,0.09137677125743911,0.034717074307528406,0.000338297329488228,0.06700932329351253,0.03505086338131646,0.002130927739453038,0.01687673221934925,0.06767578125,0.0,0,0.004225616,0.0,0.0,0.0,0.0,0.0,0.0,0.0,0.0,0.0,0.0,0,0,0,0,0.0,0,0,0,0.0,0.0,0.0,0,0.0,0,0.0,0.0,0,3
0.6189777419925121,0.007014646669003097,0.11229887993162782,0.005222049204431002,0.00011276577649607598,0.09137677125743911,0.034717074307528406,0.000338297329488228,0.06700932329351253,0.03505086338131646,0.002130927739453038,0.01687673221934925,0.06767578125,0.0,0,0.007688618,0.0,0.0,0.0,0.0,0.12610838,0.0,0.0,0.0,0.0,0.0,0,0,0,0,0.0,0,0,0,0.0,0.0,0.0,0,0.0,0,0.0,0.0,0,3
0.6189777419925121,0.007014646669003097,0.11229887993162782,0.005222049204431002,0.00011276577649607598,0.09137677125743911,0.034717074307528406,0.000338297329488228,0.06700932329351253,0.03505086338131646,0.002130927739453038,0.01687673221934925,0.06767578125,0.0,0,0.8878195,0.0,0.0,0.0,0.0,0.0016418706,0.0,0.0,0.0,0.0024452435,0.0,0,0,0,0,0.0,0,0,0,0.0,0.0,0.0,0,0.0,0,0.0,0.0,0,3
0.6189777419925121,0.007014646669003097,0.11229887993162782,0.005222049204431002,0.00011276577649607598,0.09137677125743911,0.034717074307528406,0.000338297329488228,0.06700932329351253,0.03505086338131646,0.002130927739453038,0.01687673221934925,0.06767578125,0.0,0,0.0,0.0,0.0,0.0,0.0,0.23986414,0.0,0.0,0.0,0.0,0.0,0,0,0,0,0.0,0,0,0,0.0,0.0,0.0,0,0.0,0,0.0,0.0,0,3
0.41855271516415743,0.0732937094266793,0.09102013994959102,1.7357940268993856e-40,0.08802942254326562,1.2050945595080813e-78,0.02865184437144886,0.010786576704545452,0.051046631552956315,0.01955067027698864,0.20800783538168305,1.6418119377250513e-64,0.011060454628684303,0.0,0,0.0,0.0,0.0,0.0,0.0,0.0,0.0,0.0,0.0,0.0,0.0,0,0,0,0,0.0,0,0,0,0.0,0.0,0.0,0,0.0,0,0.0,0.0,0,3
0.1237104492272289,0.0073376469047308785,0.5351590444673044,1.7377539994029035e-41,0.008812882100011684,1.2064552925006899e-79,0.0028684196612713017,0.0010798756371844893,0.005110427087691443,0.0019572745923968887,0.31285668596764504,1.6436657903158659e-65,0.0011072943545348774,0.0,0,0.0,0.0,0.0,0.0,0.0,0.0,0.0,0.0,0.0,0.0,0.0,0,0,0,0,0.0,0,0,0,0.0,0.0,0.0,0,0.0,0,0.0,0.0,0,3
0.34234522986835586,0.0007345932211599625,0.6235032007366526,1.739716185010139e-42,0.0008822833169277444,1.0,0.00028716585384523023,0.00010810949791820426,0.0005116197528433771,0.0001959484649767454,0.031320994821681505,1.645521736185058e-66,0.00011085446563878371,0.0,0,0.0,0.0,0.0,0.0,0.0,0.01045701,0.0,0.0,0.0,0.0,0.0,0,0,0,0,0.0,0,0,0,0.0,0.0,0.0,0,0.006069001,0,0.0,0.0,0,3
0.4638233498102765,7.354226873825858e-05,0.532757637024432,1.7416805862200202e-43,8.832795474796952e-05,0.9772727272727273,2.874901072812738e-05,1.0823156980000885e-05,0.09090909090909091,1.961697202625163e-05,0.0031356360935219166,1.6473797776962537e-67,1.109796370019623e-05,0.0,0,0.0,0.0,0.0,0.0,0.0,0.014840422,0.0059354305,0.0,0.0,0.0,0.0,0,0,0,0,0.0,0,0,0,0.0,0.0,0.0,0,0.0,0,0.0,0.0,0,3
0.08129687913257594,7.3625309019731845e-06,0.9183608334928899,1.7436472055342945e-44,8.84276902925763e-06,0.9946909817782316,2.8781472684821138e-06,1.0835377951932648e-06,0.009101174094460224,0.012134898792613633,0.0003139176698241775,1.6492399172157468e-68,1.1110494970243453e-06,0.0,0,0.0,0.0,0.0,0.0,0.82,0.0,0.0,0.0,0.0,0.0,0.0,0,0,0,0,0.0,0,0,0,0.0,0.0,0.0,0,0.0,0,0.0,0.0,0,3
0.13949762110467687,0.007079428046788615,0.8533894205461195,1.7456160454575356e-45,8.852753845361224e-07,0.9994684987098232,2.881397129594597e-07,1.0847612723179642e-07,0.0009111450688744129,0.0012148600918325506,3.142721300836836e-05,1.651102157112505e-69,1.1123040389979139e-07,0.0,0,0.0,0.0,0.0,0.0,0.0,0.0045660934,0.0,0.0,0.0,0.0,0.0,0,0,0,0,0.0,0,0,0,0.0,0.0,0.0,0,0.0,0,0.0,0.0,0,3
0.14122797575898,0.0007087421785733049,0.7898781070643117,1.7475871084971447e-46,8.862749935823821e-08,0.9999467898564934,2.884650660289024e-08,1.085986130932337e-08,9.121738886848483e-05,0.00012162318515797978,0.06818496445172399,1.6529664997581707e-70,1.113559997538042e-08,0.0,0,0.0,0.0,0.0,0.0,0.0,0.0,0.0,0.0,0.0,0.0,0.0,0,0,0,0,0.0,0,0,0,0.0,0.0,0.0,0,0.0,0,0.0,0.0,0,3
0.07312783569128048,7.095424550810934e-05,0.7416677202605346,1.7495603971633553e-47,8.872757313375871e-09,0.999994672977424,2.8879078647089057e-09,1.0872123725962925e-09,9.132038701875746e-06,1.2176051602500996e-05,0.18513346872426173,1.6548329475270628e-71,1.1148173742442463e-09,0.0,0,0.0,0.0,0.0,0.0,0.0,0.0,0.0,0.0,0.0,0.0,0.0,0,0,0,0,0.0,0,0,0,0.0,0.0,0.0,0,0.009115247,0,0.0,0.0,0,3
0.016909108983369867,7.10343635221413e-06,0.9645495342447774,1.751535913969235e-48,8.882775990762193e-10,0.9999994666962414,2.8911687470024305e-10,1.088439998871502e-10,9.142350146943173e-07,1.218980019592423e-06,0.018534251225278946,1.6567015027961821e-72,1.1160761707178499e-10,0.0,0,0.0,0.0,0.0,0.0,0.0,0.0,0.0,0.0,0.0,0.0,0.0,0,0,0,0,0.0,0,0,0,0.0,0.0,0.0,0,0.0,0,0.0,0.0,0,3
0.001692820191038356,7.111457200146013e-07,0.9964509505337522,1.753513661430687e-49,8.892805980741995e-11,0.9602272193366789,2.8944333113224714e-11,1.0896690113213995e-11,0.039772818799459625,1.22035643135771e-07,0.0018555179182289908,1.6585721679452133e-73,1.117336388561983e-11,0.0,0,0.0,0.0,0.0,0.0,0.0,0.00027403518,0.0,0.0,0.0,0.0,0.0,0,0,0,0,0.0,0,0,0,0.0,0.0,0.0,0,0.0,0,0.0,0.0,0,3
0.003203197862115242,7.119487104821468e-08,0.97388369688689,1.7554936420664577e-50,8.902847296088903e-12,0.9960182309885857,2.89770156182659e-12,1.0908994115111851e-12,0.003981772829334328,1.2217343972988791e-08,0.022913034034973846,1.6604449453565287e-74,1.1185980293815874e-12,0.0,0,0.0,0.0,0.0,0.0,0.0,0.012612346,0.0,0.0,0.0,0.0,0.0,0,0,0,0,0.0,0,0,0,0.0,0.0,0.0,0,0.001874596,0,0.0,0.0,0,3
0.00032068147542324983,7.1275260764669255e-09,0.9848010812766663,1.757475858398137e-51,8.912899949590955e-13,1.0,2.900973502677041e-13,1.0921312010078256e-13,0.0003986268849679952,1.223113919170829e-09,0.01487823011826685,1.6623198374151896e-75,1.1198610947834162e-13,0.0,0,0.0,0.0,0.0,0.0,0.0,0.0,0.0,0.0,0.0,0.0,0.0,0,0,0,0,0.0,0,0,0,0.0,0.0,0.0,0,0.0,0,0.0,0.0,0,3
0.06818181818181818,7.135574125320358e-10,0.2727272727272727,0.09090909090909091,0.06818181818181818,0.35582386363636365,0.1590909090909091,1.0933643813800573e-14,0.20454545454545453,0.09090909090909091,0.3683218893513981,0.18181818181818182,0.09090909090909091,0.0,0,0.0,0.0,0.0,0.0,0.0,0.0,0.0,0.0,0.0,0.0,0.0,0,0,0,0,0.0,0,0,0,0.0,0.0,0.0,0,0.0,0,0.0,0.0,0,3
0.0,0.0,0.11931818181818181,0.0,0.0,0.3430098419813715,0.0,0.09090909090909091,0.3808005273655094,0.13867187509183715,0.0,0.0,0.06818181818181818,0.0,0,0.94044757,0.0,0.0,0.0,0.0,0.005571727,0.00013139808,0.0,0.0,0.0,0.0,0,0,0,0,0.0,0,0,0,0.0,0.0,0.0,0,0.0,0,0.0,0.0,0,3
0.014679703542079005,1.58036334910363e-07,0.6694362366485527,0.01818181818181818,0.013636363656108074,0.7310158311886,0.031818181824608244,0.01818181818423973,0.12589984008494517,0.04591622029540582,0.08159373428457355,0.03636363636363636,0.03181818182066261,0.0,0,0.038891383,0.0,0.0,0.0,0.0,0.0022497189,0.0,0.0,0.0,0.0,0.0,0,0,0,0,0.0,0,0,0,0.0,0.0,0.0,0,0.0,0,0.0,0.0,0,3
0.014679703542079005,1.58036334910363e-07,0.6694362366485527,0.01818181818181818,0.013636363656108074,0.7310158311886,0.031818181824608244,0.01818181818423973,0.12589984008494517,0.04591622029540582,0.08159373428457355,0.03636363636363636,0.03181818182066261,0.0,0,0.9406471,0.0,0.0,0.0,0.0,0.0041016666,0.0,0.0,0.0,0.0,0.0,0,0,0,0,0.0,0,0,0,0.0,0.0,0.0,0,0.0,0,0.0,0.0,0,3
0.014679703542079005,1.58036334910363e-07,0.6694362366485527,0.01818181818181818,0.013636363656108074,0.7310158311886,0.031818181824608244,0.01818181818423973,0.12589984008494517,0.04591622029540582,0.08159373428457355,0.03636363636363636,0.03181818182066261,0.0,0,0.89524764,0.0,0.0,0.0,0.0,0.0016699538,0.0,0.0,0.0,0.0,0.0,0,0,0,0,0.0,0,0,0,0.0,0.0,0.0,0,0.0,0,0.0,0.0,0,3
0.014679703542079005,1.58036334910363e-07,0.6694362366485527,0.01818181818181818,0.013636363656108074,0.7310158311886,0.031818181824608244,0.01818181818423973,0.12589984008494517,0.04591622029540582,0.08159373428457355,0.03636363636363636,0.03181818182066261,0.0,0,0.8666137,0.0,0.0,0.0,0.0,0.0052480833,0.0,0.0,0.0005257769,0.0,0.0,0,0,0,0,0.0,0,0,0,0.0,0.0,0.0,0,0.0,0,0.0,0.0,0,3
0.03581898614221475,3.010320334119526e-10,0.38834067103199726,0.052556818181818184,0.05255681818185583,5.153309206460902e-91,1.2252301051109549e-14,0.0525568181818228,0.15767045454547635,8.36039365840416e-15,0.15538579707012107,0.10511363636363637,4.729748567523905e-15,0.0,0,0.0,0.0,0.0,0.0,0.0,0.073607035,0.0,0.0,0.0,0.0,0.0,0,0,0,0,0.0,0,0,0,0.0,0.0,0.0,0,0.031233938,0,0.0,0.0,0,3
0.009101174094460224,3.0137194385007036e-11,0.0364046963778409,0.012134898792613633,0.009101174094460224,0.9140128655867144,0.02123607288707386,0.012134898792613633,0.027303522283380673,0.012134898792613633,0.05330914356626712,0.024269797585227265,0.009101174094460224,0.0,0,0.0,0.0,0.0,0.0,0.0,0.31299213,0.0,0.0,0.0,0.0,0.0,0,0,0,0,0.0,0,0,0,0.0,0.0,0.0,0,0.07499203,0,0.0,0.0,0,3
0.0009111450688744129,3.0171223809819207e-12,0.0036445802754976517,0.0012148600918325506,0.0009111450688744129,0.9913915773180303,0.0021260051607069645,0.0012148600918325506,0.0027334352066232387,0.0012148600918325506,0.005336933760654886,0.002429720183665101,0.0009111450688744129,0.0,0,0.0,0.0,0.0,0.0,0.0,0.31207067,0.0,0.0,0.0,0.0,0.0,0,0,0,0,0.0,0,0,0,0.0,0.0,0.0,0,0.07524311,0,0.0,0.0,0,3
0.0910003082979594,3.02052916589697e-13,0.023092142282746666,0.00012162318515797978,9.121738886848483e-05,0.4765440805977833,0.022940113301299192,0.00012162318515797978,0.14857798455296908,0.19314807915106705,0.0005342959961495469,0.00024324637031595956,0.06107954545454545,0.0,0,0.0,0.0,0.0,0.0,0.0,0.0033239739,0.0,0.0,0.0,0.0,0.0,0,0,0,0,0.0,0,0,0,0.0,0.0,0.0,0,0.0,0,0.0,0.0,0,3
0.009110306133162101,3.023939797584537e-14,0.00231182167842256,1.2176051602500996e-05,9.132038701875746e-06,0.9445615773160381,0.002296601613919433,1.2176051602500996e-05,0.014874575144226534,0.02237034193616231,0.02278076265694096,2.4352103205001992e-05,0.0061148513447154655,0.0,0,0.0,0.0,0.0,0.0,0.0,0.009141151,0.0,0.0,0.0,0.0,0.0,0,0,0,0,0.0,0,0,0,0.0,0.0,0.0,0,0.0,0,0.0,0.0,0,3
0.0009120593038891075,3.027354280388206e-15,0.0002314432072773806,1.218980019592423e-06,9.142350146943173e-07,0.9944498978999409,0.00022991948225289,1.218980019592423e-06,0.001489137077656102,0.002239560141649794,0.0022806485563993785,2.437960039184846e-06,0.0006121755931499964,0.0007740411,0,0.0,0.0,0.0,0.0,0.0,0.0,0.0,0.0,0.0,0.0,0.0,0,0,0,0,0.0,0,0,0,0.0,0.0,0.0,0,0.0,0,0.0,0.0,0,3
0.022818581642873564,3.030772618656467e-16,0.022750443181419257,1.22035643135771e-07,9.152673235182824e-08,0.8403534540090896,2.3017909592608817e-05,1.22035643135771e-07,0.06833090003555509,0.00022420889418585664,0.0002283223751607715,2.44071286271542e-07,0.04551583213769147,0.0,0,0.0,0.0,0.0,0.0,0.0,0.0,0.0,0.0,0.0,0.0,0.0,0,0,0,0,0.0,0,0,0,0.0,0.0,0.0,0,0.0,0,0.0,0.0,0,3
0.02501170745259764,3.034194816742719e-17,0.0022776131853224453,1.2217343972988791e-08,9.163007979741592e-09,0.8021991370867503,0.02272957711730015,0.09090909090909091,0.07502262377162038,0.02274971893324736,0.4190722077166994,2.4434687945977582e-08,0.027283995363005666,0.0,0,0.0,0.0,0.0,0.0,0.0,0.00067521946,0.0,0.0,0.0,0.0,0.0,0,0,0,0,0.0,0,0,0,0.0,0.0,0.0,0,0.0,0,0.0,0.0,0,3
0.07068581312500197,3.0376208790052763e-18,0.17746995075738786,1.223113919170829e-09,9.173354393781217e-10,0.39537674494335917,0.04773006967736355,0.009101174094460224,0.1256720217343717,0.0477320861332722,0.5846916341651527,2.446227838341658e-09,0.1330581848551573,0.0,0,0.0,0.0,0.0,0.0,0.0,0.0,0.0,0.0,0.0,0.0,0.0,0,0,0,0,0.0,0,0,0,0.0,0.0,0.0,0,0.0,0,0.0,0.0,0,3
0.08888447961848106,3.041050809807376e-19,0.017767034102160982,0.006067449518756317,0.0397727273645644,0.24219961694794695,0.19112150276695256,0.08575278658165852,0.21064047446593037,0.02750587101097022,0.41417871638812426,2.4489899974608796e-10,0.0909714331320767,0.0,0,0.0,0.0,0.0,0.0,0.0,0.0,0.0,0.0,0.0,0.0,0.0,0,0,0,0,0.0,0,0,0,0.0,0.0,0.0,0,0.0,0,0.0,0.0,0,3
0.14326321935278513,3.0444846135171805e-20,0.1307501562197419,0.05316424823999323,0.07620161230833294,0.088629689379259,0.11052971576509471,0.008584961437412438,0.23361779463706367,0.06489857929123305,0.3810739581582466,2.4517552754731487e-11,0.09042843808340609,0.0128261605,0,0.0,0.0,0.0,0.0,0.0,0.0,0.0,0.0,0.0,0.0,0.0,0,0,0,0,0.0,0,0,0,0.0,0.0,0.0,0,0.0,0,0.0,0.0,0,3
3.6266401682282547e-13,3.047922294507785e-21,0.7261290274331391,8.389485220361906e-13,8.389485220365717e-13,5.217679275803195e-102,1.2405344743359529e-25,8.389485220362372e-13,2.5168455661087935e-12,3.068154594876057e-13,0.2738709725594799,1.6778970440723812e-12,4.7888279340174627e-26,0.08729741,0,0.0,0.0,0.0,0.0,0.0,0.0,0.0,0.0,0.0,0.0,0.0,0,0,0,0,0.0,0,0,0,0.0,0.0,0.0,0,0.0,0,0.0,0.0,0,3
3.630735190390866e-14,3.051363857157223e-22,0.4484453486201576,8.398958210875622e-14,8.398958210879436e-14,5.223570820395624e-103,1.2419352243222327e-26,8.398958210876089e-14,2.519687463262908e-13,3.0716190028353603e-14,0.5515546513791035,1.6797916421751243e-13,4.794235240949795e-27,0.9452859,0,0.0,0.0,0.0,0.0,0.0,0.0022925024,0.0,0.0,0.0,0.0,0.0,0,0,0,0,0.0,0,0,0,0.0,0.0,0.0,0,0.0,0,0.0,0.0,0,3
3.634834836449352e-15,3.054809305848471e-23,0.15322702477925443,8.408441897820275e-15,8.408441897824093e-15,5.229469017427933e-104,1.2433375559659072e-27,8.408441897820742e-15,2.5225325693463047e-14,3.075087322632263e-15,0.8467729752206716,1.681688379564055e-14,4.7996486535448615e-28,0.0,0,0.0,0.0,0.0,0.0,0.0,0.0,0.0,0.0,0.0,0.0,0.0,0,0,0,0,0.0,0,0,0,0.0,0.0,0.0,0,0.0,0,0.0,0.0,0,3
3.6389391116247856e-16,3.0582586449694545e-24,0.12278962236625472,8.417936293273747e-16,8.417936293277567e-16,5.235373874411722e-105,1.2447414710529047e-28,8.417936293274212e-16,2.525380887982347e-15,3.078559558683819e-16,0.8772103776337379,1.6835872586547495e-15,4.8050681786968735e-29,0.0,0,0.0,0.0,0.0,0.0,0.0,0.0,0.0,0.0,0.0,0.0,0.0,0,0,0,0,0.0,0,0,0,0.0,0.0,0.0,0,0.025359655,0,0.0,0.0,0,3
3.643048021144138e-17,3.061711878913054e-25,0.08490801701742687,8.427441409327555e-17,8.427441409331375e-17,5.241285398867081e-106,1.2461469713711715e-29,8.427441409328017e-17,2.52823242279849e-16,3.082035715412069e-17,0.9150919829825724,1.685488281865511e-16,4.810493823307829e-30,0.0,0,0.0,0.0,0.0,0.0,0.0,0.0,0.0,0.0,0.0,0.0,0.0,0,0,0,0,0.0,0,0,0,0.0,0.0,0.0,0,0.0370242,0,0.0,0.0,0,3
3.647161570240279e-18,3.065169012077111e-26,0.2737369835540282,8.436957258086868e-18,8.43695725809069e-18,5.2472035983225897e-107,1.2475540587106715e-30,8.43695725808733e-18,2.5310871774262834e-17,3.085515797244047e-18,0.7262630164459718,1.6873914516173735e-17,4.815925594287516e-31,0.0,0,0.0,0.0,0.0,0.0,0.0,0.0,0.0,0.0,0.0,0.0,0.0,0,0,0,0,0.0,0,0,0,0.0,0.0,0.0,0,0.012501427,0,0.0,0.0,0,3
3.6512797641519873e-19,3.0686300488644298e-27,0.5046260096325654,8.4464838516705225e-19,8.446483851674348e-19,5.253128480315324e-108,1.2489627348633903e-31,8.446483851670985e-19,2.5339451555013795e-18,3.088999808611785e-19,0.49537399036743474,1.6892967703341045e-18,4.821363498553528e-32,0.0,0,0.0,0.0,0.0,0.0,0.0,0.0,0.0,0.0,0.0,0.0,0.0,0,0,0,0,0.0,0,0,0,0.0,0.0,0.0,0,0.012622801,0,0.0,0.0,0,3
0.1006747159090909,0.01677911931818182,0.40580383819745414,8.456021202211044e-20,8.456021202214875e-20,5.259060052390876e-109,1.2503730016233373e-32,8.456021202211506e-20,0.01677911931818182,3.092487753952319e-20,0.4599632072570913,1.6912042404422088e-19,4.826807543031265e-33,0.0,0,0.0,0.0,0.0,0.0,0.0,0.0,0.0,0.0,0.0,0.0,0.0,0,0,0,0,0.0,0,0,0,0.0,0.0,0.0,0,0.011608562,0,0.0,0.0,0,3
0.010078839280388573,0.0016798065467314286,0.8405515758258453,8.465569321854653e-21,8.465569321858488e-21,5.2649983221033534e-110,1.2517848607865475e-33,8.465569321855115e-21,0.0016798065467314286,3.095979637707697e-21,0.14600997180030345,1.6931138643709306e-20,4.832257734653951e-34,0.0,0,0.0,0.0,0.0,0.0,0.0,0.0,0.0,0.0,0.0,0.0,0.0,0,0,0,0,0.0,0,0,0,0.0,0.0,0.0,0,0.0,0,0.0,0.0,0,4
0.0010090219805699069,0.00016817033009498448,0.6699752083225973,8.47512822276129e-22,8.475128222765128e-22,5.270943297015396e-111,1.2531983141510832e-34,8.475128222761752e-22,0.00016817033009498448,3.099475464324982e-22,0.32867942903664293,1.695025644552258e-21,4.837714080362636e-35,0.0,0,0.0,0.0,0.0,0.0,0.0,0.0,0.0,0.0,0.0,0.0,0.0,0,0,0,0,0.0,0,0,0,0.0,0.0,0.0,0,0.011158732,0,0.0,0.0,0,4
0.00010101613181334168,1.683602196889028e-05,0.7783546874443057,8.484697917104619e-23,8.48469791710846e-23,5.276894984698183e-112,1.2546133635170378e-35,8.484697917105081e-23,1.683602196889028e-05,3.102975238256257e-23,0.22151062437994323,1.6969395834209239e-22,4.84317658710621e-36,0.0,0,0.0,0.0,0.0,0.0,0.0,0.0,0.0,0.0,0.0,0.0,0.0,0,0,0,0,0.0,0,0,0,0.0,0.0,0.0,0,0.013134577,0,0.0,0.0,0,4
1.0113019421803814e-05,1.6855032369673022e-06,0.8987907217511861,8.494278417072051e-24,8.494278417075899e-24,5.282853392731443e-113,1.2560300106865366e-36,8.494278417072517e-24,1.6855032369673022e-06,3.106478963958634e-24,0.10119579422291827,1.6988556834144102e-23,4.848645261841406e-37,0.0,0,0.0,0.0,0.0,0.0,0.0,0.0,0.0,0.0,0.0,0.0,0.0,0,0,0,0,0.0,0,0,0,0.0,0.0,0.0,0,0.017099008,0,0.0,0.0,0,4
1.012443854163434e-06,1.6874064236057233e-07,0.6847848027725287,8.503869734864765e-25,8.50386973486862e-25,5.28881852870346e-114,1.2574482574637397e-37,8.503869734865233e-25,1.6874064236057233e-07,3.109986645894257e-25,0.31521384730233243,1.700773946972953e-24,4.854120111532816e-38,0.0,0,0.0,0.0,0.0,0.0,0.0,0.0,0.0,0.0,0.0,0.0,0.0,0,0,0,0,0.0,0,0,0,0.0,0.0,0.0,0,0.0,0,0.0,0.0,0,4
1.0135870555368487e-07,1.6893117592280812e-08,0.2695875743531608,8.513471882697711e-26,8.513471882701572e-26,5.29479040021109e-115,1.2588681056548454e-38,8.513471882698181e-26,1.6893117592280812e-08,3.1134982885303074e-26,0.7304122905018986,1.7026943765395421e-25,4.859601143152894e-39,0.0,0,0.0,0.0,0.0,0.0,0.0,0.0,0.0,0.0052065253,0.0,0.0,0.0,0,0,0,0,0.0,0,0,0,0.0,0.0,0.0,0,0.012516748,0,0.0,0.0,0,4
1.0147315477565407e-08,1.6912192462609011e-09,0.15540577951416293,8.523084872799634e-27,8.523084872803501e-27,5.300769014859766e-116,1.2602895570680911e-39,8.523084872800105e-27,1.6912192462609011e-09,3.1170138963390115e-27,0.8445942069560832,1.7046169745599268e-26,4.8650883636819665e-40,0.0068668625,0,0.0,0.0,0.0,0.0,0.0,0.0,0.0,0.0,0.0,0.0,0.0,0,0,0,0,0.0,0,0,0,0.0,0.0,0.0,0,0.015204115,0,0.0,0.0,0,4
1.01587733228007e-09,1.6931288871334497e-10,0.10343349181201819,8.532708717413086e-28,8.532708717416959e-28,5.306754380263508e-117,1.2617126135137549e-40,8.532708717413556e-28,1.6931288871334497e-10,3.1205334737976473e-28,0.8965665068334787,1.7065417434826173e-27,4.870581780108243e-41,0.0,0,0.0,0.0,0.0,0.0,0.0,0.03171806,0.0,0.0,0.0,0.0,0.0,0,0,0,0,0.0,0,0,0,0.0,0.0,0.0,0,0.0,0,0.0,0.0,0,4
1.0170244105666412e-10,1.6950406842777354e-11,0.02282700769260082,8.542343428794442e-29,8.54234342879832e-29,5.3127465040449335e-118,1.2631372768041604e-41,8.542343428794913e-29,1.6950406842777354e-11,3.124057025388544e-29,0.9771729921717959,1.7084686857588884e-28,4.876081399427823e-42,0.0,0,0.0,0.0,0.0,0.0,0.0,0.0,0.0,0.0,0.864319,0.0,0.0,0,0,0,0,0.0,0,0,0,0.0,0.0,0.0,0,0.0,0,0.0,0.0,0,4
1.0181727840771076e-11,1.6969546401285128e-12,0.007678566633998101,8.551989019213917e-30,8.551989019217802e-30,1.0,1.2645635487536768e-42,8.551989019214388e-30,1.6969546401285128e-12,3.127584555599096e-30,0.9923214333524262,1.7103978038427834e-29,4.8815872286447065e-43,0.0,0,0.0,0.0,0.0,0.0,0.0,0.0,0.0,0.0,0.0,0.0,0.0,0,0,0,0,0.0,0,0,0,0.0,0.0,0.0,0,0.0,0,0.0,0.0,0,4
1.0193224542739719e-12,1.6988707571232865e-13,0.0007687236890512321,8.561645500955584e-31,8.561645500959471e-31,1.0,1.2659914311787224e-43,8.561645500956056e-31,1.6988707571232865e-13,3.1311160689217637e-31,0.9992312763095896,1.712329100191117e-30,4.887099274770801e-44,0.0,0,0.0,0.0,0.0,0.0,0.0,0.008000175,0.0,0.0,0.0,0.0,0.0,0,0,0,0,0.0,0,0,0,0.0,0.0,0.0,0,0.009724677,0,0.0,0.0,0,4
1.0204734226213881e-13,1.7007890377023135e-14,0.01973998962036482,8.571312886317383e-32,8.571312886321273e-32,1.0,1.2674209258977658e-44,8.571312886317854e-32,1.7007890377023135e-14,3.1346515698540795e-32,0.9802600103794992,1.7142625772634767e-31,4.892617544825932e-45,0.0,0,0.0,0.0,0.0,0.0,0.0,0.0,0.0,0.0,0.0,0.0,0.0,0,0,0,0,0.0,0,0,0,0.0,0.0,0.0,0,0.009115198,0,0.0,0.0,0,4
1.0216256905851636e-14,1.7027094843086061e-15,0.001976227903735559,8.580991187611137e-33,8.580991187615032e-33,1.0,1.2688520347313295e-45,8.580991187611609e-33,1.7027094843086061e-15,3.138191062898653e-33,0.9980237720962508,1.7161982375222274e-32,4.89814204583785e-46,0.0,0,0.0,0.0,0.0,0.0,0.0,0.0,0.0,0.0,0.0,0.0,0.0,0,0,0,0,0.0,0,0,0,0.0,0.0,0.0,0,0.016196303,0,0.0,0.0,0,4
1.0227792596327604e-15,1.704632099387934e-16,0.02292511866349723,8.590680417162578e-34,8.590680417166477e-34,1.0,1.2702847595019918e-46,8.59068041716305e-34,1.704632099387934e-16,3.1417345525631814e-34,0.9770748813365016,1.7181360834325157e-33,4.903672784842244e-47,0.0,0,0.0,0.0,0.0,0.0,0.0,0.0,0.0,0.0,0.0,0.0,0.0,0,0,0,0,0.0,0,0,0,0.0,0.0,0.0,0,0.0109951515,0,0.0,0.0,0,4
1.0239341312332978e-16,1.7065568853888296e-17,0.0420678277297464,8.600380587311352e-35,8.600380587315254e-35,1.0,1.2717191020343887e-47,8.600380587311826e-35,1.7065568853888296e-17,3.145282043360448e-35,0.9579321722702535,1.7200761174622704e-34,4.909209768882745e-48,0.049344335,0,0.0,0.0,0.0,0.0,0.0,0.0,0.0,0.0,0.0,0.0,0.0,0,0,0,0,0.0,0,0,0,0.0,0.0,0.0,0,0.0,0,0.0,0.0,0,4
1.0250903068575541e-17,1.7084838447625904e-18,0.016683512178016703,8.61009171041104e-36,8.610091710414944e-36,1.0,1.273155064155216e-48,8.610091710411513e-36,1.7084838447625904e-18,3.1488335398083345e-36,0.9833164878219833,1.722018342082208e-35,4.914753005010939e-49,0.0,0,0.0,0.0,0.0,0.0,0.0,0.00021749614,0.0,0.0,0.0,0.0,0.0,0,0,0,0,0.0,0,0,0,0.0,0.0,0.0,0,0.03574336,0,0.0,0.0,0,4
1.026247787977968e-18,1.71041297996328e-19,0.13803387140086731,8.619813798829167e-37,8.619813798833076e-37,1.0,1.2745926476932331e-49,8.619813798829643e-37,1.71041297996328e-19,3.1523890464298223e-37,0.8619661285991327,1.7239627597658334e-36,4.920302500286373e-50,0.0,0,0.0,0.0,0.0,0.0,0.0,0.0,0.0,0.0,0.0,0.076546505,0.0,0,0,0,0,0.0,0,0,0,0.0,0.0,0.0,0,0.010894565,0,0.0,0.0,0,4
1.0274065760686412e-19,1.7123442934477354e-20,0.4175776291349543,8.62954686494723e-38,8.629546864951145e-38,1.0,1.2760318544792638e-50,8.629546864947706e-38,1.7123442934477354e-20,3.1559485677530014e-38,0.5824223708650457,1.725909372989446e-37,4.925858261776565e-51,0.0,0,0.0,0.0,0.0,0.0,0.0,0.008151659,0.035024155,0.0,0.0,0.0,0.0,0,0,0,0,0.0,0,0,0,0.0,0.0,0.0,0,0.0,0,0.0,0.0,0,4
1.0285666726053395e-20,1.714277787675566e-21,0.2197695577063804,8.639290921160701e-39,8.639290921164622e-39,1.0,1.2774726863461989e-51,8.639290921161176e-39,1.714277787675566e-21,3.159512108311071e-39,0.7802304422936197,1.7278581842321402e-38,4.931420296557013e-52,0.0,0,0.0,0.0,0.0,0.0,0.0,0.010662774,0.0,0.0,0.0,0.0,0.0,0,0,0,0,0.0,0,0,0,0.0,0.0,0.0,0,0.0,0,0.0,0.0,0,4
1.0297280790654955e-21,1.7162134651091593e-22,0.025035495756984615,8.649045979879052e-40,8.649045979882979e-40,1.0,1.2789151451289994e-52,8.64904597987953e-40,1.7162134651091593e-22,3.163079672642355e-40,0.9749645042430154,1.7298091959758105e-39,4.936988611711206e-53,0.0,0,0.0,0.0,0.0,0.0,0.0,0.009391367,0.0,0.0,0.0,0.0,0.0,0,0,0,0,0.0,0,0,0,0.0,0.0,0.0,0,0.0049455985,0,0.0,0.0,0,4
1.0308907969282097e-22,1.718151328213683e-23,0.11931818181818181,8.658812053525765e-41,8.658812053529696e-41,0.6021839488636362,1.280359232664698e-53,8.658812053526243e-41,0.15340909090909088,0.23295454545454547,0.9577208962675929,1.731762410705153e-40,4.9425632143306306e-54,0.0,0,0.0,0.0,0.0,0.0,0.0,0.0005862458,0.0,0.0,0.0,0.0,0.0,0,0,0,0,0.0,0,0,0,0.0,0.0,0.0,0,0.0,0,0.0,0.0,0,4
0.06818181818181818,0.09090909090909091,0.08012710918079724,8.668589154538352e-42,8.668589154542286e-42,0.2005965045907281,0.09090909090909091,8.66858915453883e-42,0.46681863611394714,0.10209595073353162,0.9957673156801097,1.7337178309076704e-41,4.948144111514782e-55,0.0,0,0.0,0.0,0.0,0.0,0.0,0.0,0.0,0.0,0.0,0.0,0.0,0,0,0,0,0.0,0,0,0,0.0,0.0,0.0,0,0.0,0,0.0,0.0,0,4
0.05343454534357244,0.009101174094460224,0.18796033491195308,8.678377295368368e-43,8.678377295372304e-43,0.5301433914639802,0.009101174094460224,8.678377295368846e-43,0.12213796135223345,0.09506276475440248,0.9995762536342957,1.7356754590736735e-42,0.012134898792613633,0.0,0,0.0,0.0,0.0,0.0,0.0,0.0,0.0,0.0,0.0,0.63142043,0.0,0,0,0,0,0.0,0,0,0,0.0,0.0,0.0,0,0.0,0,0.0,0.0,0,4
0.005349488098132001,0.0009111450688744129,0.02791843113421432,8.688176488481423e-44,8.688176488485366e-44,0.9408263864764779,0.0009111450688744129,8.688176488481901e-44,0.01526131204605386,0.009517010491235881,0.999957577516092,1.7376352976962846e-43,0.0012148600918325506,0.0,0,0.0,0.0,0.0,0.0,0.0,0.0,0.0,0.0,0.0,0.0,0.0,0,0,0,0,0.0,0,0,0,0.0,0.0,0.0,0,0.0,0,0.0,0.0,0,4
0.000535552847470765,9.121738886848483e-05,0.0027949955241635153,8.697986746357213e-45,8.697986746361157e-45,0.9092037979658563,9.121738886848483e-05,8.697986746357687e-45,0.02425512716352394,0.06309766202637132,0.9999957529614728,1.7395973492714426e-44,0.00012162318515797978,0.0,0,0.0,0.0,0.0,0.0,0.0,0.0,0.0,0.0,0.0,0.0,0.0,0,0,0,0,0.0,0,0,0,0.0,0.0,0.0,0,0.0,0,0.0,0.0,0,4
5.361575671776869e-05,9.132038701875746e-06,0.0002798151494451419,8.707808081489511e-46,0.09090909090909091,0.5548305820853408,0.022736404765974605,8.707808081489987e-46,0.22828052421225625,0.08870325451397323,0.9999995748165927,1.7415616162979022e-45,0.08239853968796615,0.95005924,0,0.0,0.0,0.0,0.0,0.0,0.009893583,0.0,0.0,0.0,0.0,0.0,0,0,0,0,0.0,0,0,0,0.0,0.0,0.0,0,0.0,0,0.0,0.0,0,5
5.3676296970410215e-06,9.142350146943173e-07,2.801311028304407e-05,8.717640506386211e-47,0.012134898792613633,0.1467918783564913,0.09352237918973771,8.717640506386689e-47,0.47850207757141494,0.18578519312290256,0.9999999574336498,1.7435281012772421e-46,0.09005707481775488,0.90821004,0,0.0,0.0,0.0,0.0,0.0,0.008757223,0.0,0.0,0.0,0.0,0.0,0,0,0,0,0.0,0,0,0,0.0,0.0,0.0,0,0.0,0,0.0,0.0,0,5
0.02956374759632855,9.152673235182824e-08,0.06818462265594792,0.09090909090909091,0.023942132819105278,0.22150090533567443,0.09497292761855047,8.727484033569803e-48,0.3228454221418992,0.13295857262749827,0.9999999957385586,0.18181818181818182,0.038533310139981625,0.0,0,0.0,0.0,0.0,0.0,0.0,0.0074232463,0.0,0.0,0.0,0.0,0.0,0,0,0,0,0.0,0,0,0,0.0,0.0,0.0,0,0.0,0,0.0,0.0,0,5
0.002959712951347529,9.163007979741592e-09,0.00682616133492545,0.009101174094460224,0.0023969167087730366,0.18174596868200266,0.09131593344831768,8.737338675575484e-49,0.4413605803907957,0.1809716701786377,0.9999999995733747,0.01820234818892045,0.08566559881884853,0.0,0,0.0,0.0,0.0,0.0,0.0,0.007426392,0.0,0.0,0.0,0.0,0.0,0,0,0,0,0.0,0,0,0,0.0,0.0,0.0,0,0.0,0,0.0,0.0,0,5
0.00029630549123826823,9.173354393781217e-10,0.10382170367112997,0.0009111450688744129,0.022967235046093833,0.1292777159337114,0.05117709382892754,0.2727272727272727,0.46458911472304487,0.1084010819985996,0.5275435013777439,0.0018222901377488259,0.05061142235822523,0.5258614,0,0.0,0.0,0.0,0.0,0.0,0.0,0.015922349,0.0,0.0,0.0,0.0,0,0,0,0,0.0,0,0,0,0.0,0.0,0.0,0,0.0,0,0.0,0.0,0,5
1.042590429294753e-32,1.737650715491255e-33,0.0034995969766330372,8.757081354269449e-51,8.757081354273423e-51,5.446298634366408e-140,1.2948900950644034e-63,0.005119410428133876,1.737650715491255e-33,3.202589752419424e-51,0.05281391773283962,0.9189040444113992,0.01966303045099432,0.63628346,0,0.0,0.0,0.0,0.0,0.0,0.0,0.0,0.0,0.0,0.0,0.0,0,0,0,0,0.0,0,0,0,0.0,0.0,0.0,0,0.0,0,0.0,0.0,0,5
1.043767670685253e-33,1.7396127844754217e-34,0.0003503548547926233,8.766969416101357e-52,8.766969416105336e-52,5.452448324596864e-141,1.296352220721062e-64,0.0005125191012418573,1.7396127844754217e-34,3.2062059578893802e-52,0.00528735525886781,0.9918812474881468,0.001968523296950893,0.8595088,0,0.0,0.0,0.0,0.0,0.0,0.0,0.0,0.0,0.0,0.0,0.0,0,0,0,0,0.0,0,0,0,0.0,0.0,0.0,0,0.025142707,0,0.0,0.0,0,5
1.044946241358329e-34,1.741577068930548e-35,3.507504581137698e-05,8.776868643042144e-53,8.776868643046127e-53,5.4586049587524446e-142,1.2978159973374765e-65,5.130978123852272e-05,1.741577068930548e-35,3.209826246599155e-53,0.0005293325478123734,0.9991872080195576,0.00019707460558005994,0.8778938,0,0.0,0.0,0.0,0.0,0.0,0.0,0.0,0.0,0.0,0.0,0.0,0,0,0,0,0.0,0,0,0,0.0,0.0,0.0,0,0.024492605,0,0.0,0.0,0,5
1.0461261428149409e-35,1.7435435713582348e-36,3.5114650813056083e-06,8.786779047698899e-54,8.786779047702887e-54,5.46476854467389e-143,1.29928142677783e-66,5.1367717698051074e-06,1.7435435713582348e-36,3.213450623159341e-54,5.299302438655062e-05,0.9999186290255175,1.97297132447933e-05,0.89279854,0,0.0,0.0,0.0,0.0,0.0,0.0,0.0,0.0,0.0,0.0,0.0,0,0,0,0,0.0,0,0,0,0.0,0.0,0.0,0,0.0057828883,0,0.0,0.0,0,5
1.0473073765577433e-36,1.7455122942629055e-37,3.5154300534738307e-07,8.796700642692945e-55,8.796700642696937e-55,5.470939090210784e-144,1.3007485109084079e-67,0.05681869607537759,1.7455122942629055e-37,3.2170790921857357e-55,5.305286148073709e-06,0.9431736718963633,1.975199105821058e-06,0.0,0,0.0,0.0,0.0,0.0,0.0,0.0,0.0,0.0,0.0,0.0,0.0,0,0,0,0,0.0,0,0,0,0.0,0.0,0.0,0,0.0,0,0.0,0.0,0,5
1.048489944091088e-37,1.7474832401518134e-38,3.519399502691926e-08,8.806633440659854e-56,8.806633440663848e-56,5.47711660322158e-145,1.3022172515976052e-68,0.011755734689131409,1.7474832401518134e-38,3.2207116582993493e-56,5.311276614000182e-07,0.988243501246272,1.9774294026629582e-07,0.0,0,0.0,0.0,0.0,0.0,0.0,0.0,0.0,0.0,0.0,0.0,0.0,0,0,0,0,0.0,0,0,0,0.0,0.0,0.0,0,0.0,0,0.0,0.0,0,5
1.049673846921025e-38,1.7494564115350415e-39,3.523373434015157e-09,8.816577454249469e-57,8.816577454253466e-57,5.483301091573608e-146,1.3036876507159254e-69,0.0011769008681547727,1.7494564115350415e-39,3.224348326126408e-57,5.317273844063599e-08,0.998823022639111,1.979662217845408e-08,0.0,0,0.0,0.0,0.0,0.0,0.0,0.0,0.0,0.0,0.0,0.0,0.0,0,0,0,0,0.0,0,0,0,0.0,0.0,0.0,0,0.0059182895,0,0.0,0.0,0,6
1.0508590865553048e-39,1.751431810925508e-40,3.527351852504492e-10,0.01677911931818182,8.82653269612991e-58,5.489492563143073e-147,1.3051597101359843e-70,0.00011782297662297765,1.751431810925508e-40,3.227989100298366e-58,5.323277845901685e-09,0.9831030500472846,1.9818975542119933e-09,0.0,0,0.0,0.0,0.0,0.0,0.0,0.0,0.0,0.0,0.0,0.0,0.0,0,0,0,0,0.0,0,0,0,0.0,0.0,0.0,0,0.010069528,0,0.0,0.0,0,6
1.0520456645033807e-40,1.7534094408389677e-41,3.531334763226619e-11,0.0016798065467314286,8.836499178971607e-59,5.4956910258150785e-148,1.3066334317325122e-71,0.04662046037437558,1.7534094408389677e-41,3.2316339854519006e-59,5.329288627160789e-10,0.9516997323122373,1.9841354146095109e-10,0.0,0,0.0,0.0,0.0,0.0,0.0,0.0,0.0,0.0,0.0,0.0,0.0,0,0,0,0,0.0,0,0,0,0.0,0.0,0.0,0,0.0,0,0.0,0.0,0,6
1.05323358227641e-41,1.7553893037940168e-42,3.535322171253944e-12,0.00016817033009498448,8.846476915471301e-60,5.501896487483632e-149,1.3081088173823565e-72,0.05415988609408162,1.7553893037940168e-42,3.2352829862289307e-60,5.3353061954958993e-11,0.9456719434990712,1.98637580188797e-11,0.031660836,0,0.0,0.0,0.0,0.0,0.0,0.0,0.0,0.0,0.0,0.0,0.0,0,0,0,0,0.0,0,0,0,0.0,0.0,0.0,0,0.005894809,0,0.0,0.0,0,6
1.054422841387257e-42,1.757371402312095e-43,3.5393140816646004e-13,1.683602196889028e-05,8.85646591833606e-61,5.508108956051653e-150,1.3095858689644841e-73,0.028149376802334824,1.757371402312095e-43,3.238936107276614e-61,5.341330558570647e-12,0.9718337871680125,1.9886187189005997e-12,0.08526509,0,0.0,0.0,0.0,0.0,0.0,0.0,0.0,0.0,0.0,0.0,0.0,0,0,0,0,0.0,0,0,0,0.0,0.0,0.0,0,0.046392877,0,0.0,0.0,0,6
1.0556134433504933e-43,1.759355738917489e-44,3.5433104995424565e-14,1.6855032369673022e-06,8.866466200287306e-62,5.5143284394309824e-151,1.3110645883599823e-74,0.2059431161682147,1.759355738917489e-44,3.2425933532473542e-62,5.347361724057316e-13,0.794055198327779,1.9908641685038512e-13,0.07427304,0,0.0,0.0,0.0,0.0,0.0,0.0,0.0,0.0,0.0,0.0,0.0,0,0,0,0,0.0,0,0,0,0.0,0.0,0.0,0,0.0,0,0.0,0.0,0,6
1.0568053896824013e-44,1.7613423161373355e-45,3.547311429977121e-15,1.6874064236057233e-07,8.876477774060824e-63,5.5205549455424015e-152,1.3125449774520634e-75,0.11152665660091916,1.7613423161373355e-45,3.2462547287988117e-63,5.3533996996368476e-14,0.8884731746583614,1.9931121535573982e-14,0.12748897,0,0.0,0.0,0.0,0.0,0.0,0.0,0.0,0.5342625,0.0,0.0,0.0,0,0,0,0,0.0,0,0,0,0.0,0.0,0.0,0,0.07660802,0,0.0,0.0,0,6
1.0579986819009754e-45,1.7633311365016257e-46,3.5513168780639486e-16,1.6893117592280812e-08,8.886500652406777e-64,5.526788482315626e-153,1.3140270381260663e-76,0.10207434960596944,1.7633311365016257e-46,3.249920238593903e-64,5.3594444929988636e-15,0.8979256335009053,1.9953626769241474e-15,0.078184,0,0.0,0.0,0.0,0.0,0.0,0.0,0.0,0.0,0.0,0.0,0.0,0,0,0,0,0.0,0,0,0,0.0,0.0,0.0,0,0.0,0,0.0,0.0,0,6
1.0591933215259248e-46,1.765322202543208e-47,3.555326848904048e-17,1.6912192462609011e-09,8.89653484808973e-65,5.5330290576893355e-154,1.3155107722694584e-77,0.05567350614431543,1.765322202543208e-47,3.253589887300811e-65,5.365496111841667e-16,0.9443264921644645,1.9976157414702352e-16,0.05919904,0,0.0,0.0,0.0,0.0,0.0,0.0,0.0,0.0,0.0,0.0,0.0,0,0,0,0,0.0,0,0,0,0.0,0.0,0.0,0,0.031767502,0,0.0,0.0,0,6
1.0603893100786733e-47,1.7673155167977888e-48,3.559341347604288e-18,1.6931288871334497e-10,8.90658037388866e-66,5.539276679611164e-155,1.3169961817718377e-78,0.07375545517237075,1.7673155167977888e-48,3.25726367959299e-66,5.371554563872251e-17,0.9262445446583163,1.999871350065035e-17,0.30150753,0,0.0,0.0,0.0,0.0,0.0,0.0,0.0,0.0,0.0,0.0,0.0,0,0,0,0,0.0,0,0,0,0.0,0.0,0.0,0,0.0,0,0.0,0.0,0,6
1.0615866490823635e-48,1.769311081803939e-49,3.5633603792773026e-19,1.6950406842777354e-11,8.916637242596973e-67,5.545531356037727e-156,1.3184832685249371e-79,0.16505432816279347,1.769311081803939e-49,3.26094162014917e-67,5.377619856806312e-18,0.834945671820256,2.002129505581161e-18,0.13118881,0,0.0,0.0,0.0,0.0,0.0,0.0,0.0,0.0,0.0,0.0,0.0,0,0,0,0,0.0,0,0,0,0.0,0.0,0.0,0,0.06325694,0,0.0,0.0,0,6
1.0627853400618568e-49,1.7713089001030949e-50,3.5673839490415004e-20,1.6969546401285128e-12,8.926705467022513e-68,5.551793094934621e-157,1.3199720344226245e-80,0.274419799690714,1.7713089001030949e-50,3.2646237136533665e-68,5.383691998368258e-19,0.7255802003075891,2.00439021089447e-19,0.80907077,0,0.0,0.0,0.0,0.0,0.0,0.0,0.0,0.022820817,0.0,0.0,0.0,0,0,0,0,0.0,0,0,0,0.0,0.0,0.0,0,0.047612384,0,0.0,0.0,0,6
1.0639853845437381e-50,1.7733089742395635e-51,3.5714120620210696e-21,1.6988707571232865e-13,8.936785059987596e-69,5.558061904276435e-158,1.3214624813609072e-81,0.4637647474302514,1.7733089742395635e-51,3.268309964794881e-69,5.389770996291219e-20,0.9090909090909091,0.09090909090909091,0.5056007,0,0.0,0.0,0.0,0.0,0.0,0.0,0.025029555,0.0,0.0,0.0,0.0,0,0,0,0,0.0,0,0,0,0.0,0.0,0.0,0,0.0,0,0.0,0.0,0,6
1.065186784056315e-51,1.775311306760525e-52,3.5754447233459838e-22,1.7007890377023135e-14,8.946876034329012e-70,5.564337792046767e-159,1.3229546112379322e-82,0.1787239290921141,1.775311306760525e-52,3.2720003782683117e-70,5.39585685831706e-21,0.9908988259055398,0.009101174094460224,0.4463501,0,0.0,0.0,0.0,0.0,0.0,0.0,0.0,0.04646532,0.0,0.0,0.0,0,0,0,0,0.0,0,0,0,0.0,0.0,0.0,0,0.0,0,0.0,0.0,0,6
1.0663895401296207e-52,1.7773159002160343e-53,3.579481938152007e-23,1.7027094843086061e-15,8.956978402898051e-71,5.5706207662382264e-160,0.09090909090909091,0.375000949771544,0.09090909090909091,0.18181818181818182,5.4019495921963835e-22,0.7445167668629438,0.02308355273932896,0.014062927,0,0.0,0.0,0.0,0.0,0.0,0.0,0.0,0.0,0.0,0.0,0.0,0,0,0,0,0.0,0,0,0,0.0,0.0,0.0,0,0.038271908,0,0.0,0.0,0,6
0.09090909090909091,1.7793227571590276e-54,0.2727272727272727,0.06818181818181818,8.967092178560504e-72,5.5769108348524494e-161,0.012134898792613633,0.2954545454545454,0.20281982421875,0.027303522283380673,0.05213512073863637,0.41335021914570963,0.01894026750703307,0.0,0,0.0,0.0,0.0,0.0,0.0,0.0,0.0,0.0,0.0,0.0,0.0,0,0,0,0,0.0,0,0,0,0.0,0.0,0.0,0,0.0,0,0.0,0.0,0,6
1.068799128087193e-54,1.7813318801453216e-55,3.5875700487794525e-25,1.7065568853888296e-17,8.977217374196697e-73,5.583208005900104e-162,1.3274411175151026e-85,0.7466738158806282,1.7813318801453216e-55,3.2830966397056323e-73,5.4141557065616714e-24,0.2533261841193718,2.0157320853012775e-24,0.34367156,0,0.0,0.0,0.0,0.0,0.0,0.0,0.0,0.0,0.0,0.0,0.0,0,0,0,0,0.0,0,0,0,0.0,0.0,0.0,0,0.005377151,0,0.0,0.0,0,6
1.0700059630401722e-55,1.7833432717336203e-56,3.591620954901426e-26,1.7084838447625904e-18,8.987354002701498e-74,5.589512287400907e-163,1.3289399981714763e-86,0.5876523048621726,1.7833432717336203e-56,3.2868037495588158e-74,5.420269102592639e-25,0.4123476951378273,2.018008149972791e-25,0.0,0,0.0,0.0,0.0,0.0,0.0,0.0,0.0,0.0,0.0,0.0,0.0,0,0,0,0,0.0,0,0,0,0.0,0.0,0.0,0,0.0,0,0.0,0.0,0,6
1.0712141606913102e-56,1.785356934485517e-57,3.59567643510563e-27,1.71041297996328e-19,8.997502076984333e-75,5.59582368738363e-164,1.3304405712895285e-87,0.8210441651697441,1.785356934485517e-57,3.290515045296537e-75,5.426389401567123e-26,0.17895583483025584,2.020286784663617e-26,0.0,0,0.0,0.0,0.0,0.0,0.0,0.0,0.0,0.0,0.0,0.0,0.0,0,0,0,0,0.0,0,0,0,0.0,0.0,0.0,0,0.0,0,0.0,0.0,0,6
1.0724237225792979e-57,1.7873728709654964e-58,3.599736494556891e-28,1.7123442934477354e-20,9.007661609969211e-76,5.602142213886108e-165,1.3319428387803036e-88,0.583494121821269,1.7873728709654964e-58,3.2942305316452905e-76,5.432516611279586e-27,0.41650587817873097,2.0225679922756947e-27,0.0,0,0.0,0.0,0.0,0.0,0.0,0.0,0.0,0.0,0.0,0.0,0.0,0,0,0,0,0.0,0,0,0,0.0,0.0,0.0,0,0.005193456,0,0.0,0.0,0,7
1.0736346502445639e-58,1.78939108374094e-59,3.603801138425867e-29,1.714277787675566e-21,9.017832614594724e-77,5.608467874955254e-166,1.3334468025570024e-89,0.46933171257152595,1.78939108374094e-59,3.297950213336907e-77,5.438650739533288e-28,0.530668287428474,2.0248517757142385e-28,0.28084835,0,0.0,0.0,0.0,0.0,0.0,0.0,0.0,0.0,0.0,0.0,0.0,0,0,0,0,0.0,0,0,0,0.0,0.0,0.0,0,0.010708286,0,0.0,0.0,0,7
1.074846945229276e-59,0.022727272727272728,3.6078703718890556e-30,0.22727272727272727,9.028015103814086e-78,5.6148006786470676e-167,1.3349524645349871e-90,0.21512692403342454,1.7914115753821265e-60,3.301674095108557e-78,5.444791794140305e-29,0.5348730759665754,2.0271381378877433e-29,0.0,0,0.0,0.0,0.0,0.0,0.0,0.0,0.0,0.0,0.0,0.0,0.0,0,0,0,0,0.0,0,0,0,0.0,0.0,0.0,0,0.0,0,0.0,0.0,0,7
1.0760606090773435e-60,0.005309018221768465,3.611944200128798e-31,0.3977529352361505,0.08168584650213068,5.621140633026643e-168,0.05604691938920455,0.04426425619564581,0.10486949573863637,0.026217373934659092,5.45093978292153e-30,0.2838541547818044,2.0294270817079905e-30,0.87988436,0,0.0,0.0033813124,0.0,0.0,0.0,0.0,0.0,0.0,0.0,0.0,0.0,0,0,0,0,0.0,0,0,0,0.0,0.0,0.0,0,0.013735997,0,0.0,0.0,0,7
1.0772756433344195e-61,0.0005315012901767411,3.6160226283332895e-32,0.03982020581183447,0.00817780821076171,5.627487746168185e-169,0.005611020479012619,0.45990905156069106,0.010498790917071428,0.002624697729267857,5.457094713706689e-31,0.47282692400118403,2.031718610090046e-31,0.84327567,0,0.0,0.013002634,0.0,0.0,0.0,0.0,0.0,0.0,0.0,0.0,0.0,0,0,0,0,0.0,0,0,0,0.0,0.0,0.0,0,0.0025832888,0,0.0,0.0,0,7
1.0784920495479015e-62,0.022780482870779346,3.6201056616965804e-33,0.04944106233582363,0.046273249673155194,5.6338420261550086e-170,0.023289008343770557,0.35276391623783004,0.001051064563093653,0.00026276614077341327,5.463256594334348e-32,0.5041384498347743,2.0340127259522696e-32,0.67644733,0,0.0,0.043263987,0.0,0.0,0.0,0.0,0.0,0.0,0.0,0.0,0.0,0,0,0,0,0.0,0,0,0,0.0,0.0,0.0,0,0.0,0,0.0,0.0,0,7
1.0797098292669342e-63,0.002280620546191151,0.06818181818181818,0.040261301088976395,0.02735982264038264,5.640203481079562e-171,0.04174914415002756,0.34032832003340346,0.09101431604639648,0.12802257759114458,5.4694254326519254e-33,0.15837399023302323,0.10242808948863635,0.0,0,0.0,0.0,0.0,0.0,0.0,0.0,0.0,0.0,0.0,0.0,0.0,0,0,0,0,0.0,0,0,0,0.0,0.0,0.0,0,0.0,0,0.0,0.0,0,7
0.03835227272727272,0.009816387752795357,0.05834787542169745,0.035990903488010074,0.0325686170540259,0.033258611505681816,0.06022654791044983,0.36045120958519783,0.21848587619210602,0.07487004706272543,5.475601236515698e-34,0.06737727667944825,0.010254374620589342,0.0,0,0.0,0.0,0.0,0.0,0.0,0.0,0.0,0.0,0.0,0.0,0.0,0,0,0,0,0.0,0,0,0,0.0,0.0,0.0,0,0.0,0,0.0,0.0,0,7
0.0379304669120095,0.030812292647631547,0.0643435731604272,0.03343269971761971,0.033090084646614906,0.003329616547985511,0.1594385461831458,0.18549710949564613,0.12970573310250091,0.08000938577348739,5.481784013790816e-35,0.22433844193230712,0.018072049880624327,0.19103804,0,0.0,0.010714219,0.0,0.0,0.0,0.0,0.0,0.0,0.0,0.0,0.0,0,0,0,0,0.0,0,0,0,0.0,0.0,0.0,0,0.008440475,0,0.0,0.0,0,7
0.0037973296113539778,0.0030847084359910664,0.006441622673119551,0.003347045026356551,0.0033127448328619446,0.00033333761858112996,0.015961857627984917,0.24430085877770197,0.012985219038169992,0.008009972840268722,5.487973772351309e-36,0.6966160579233295,0.0018092455942806426,0.5717766,0,0.0,0.1457638,0.0,0.0,0.0,0.0,0.0,0.0,0.0,0.0,0.0,0,0,0,0,0.0,0,0,0,0.0,0.0,0.0,0,0.0,0,0.0,0.0,0,7
0.0003801617367567969,0.0003088191535726531,0.0006448896233877163,0.0003350824343555501,0.00033164854199840106,3.337140068833609e-05,0.0015979880965760656,0.17432533580273096,0.0012999881303319292,0.0008019017304230208,5.494170520080099e-37,0.8197596844987135,0.0001811288504650161,0.6207137,0,0.0,0.02596571,0.0,0.0,0.0,0.0,0.0,0.0,0.0,0.0,0.0,0,0,0,0,0.0,0,0,0,0.0,0.0,0.0,0,0.0,0,0.0,0.0,0,7
3.8059099653035657e-05,0.022758189512956783,0.0909736526891667,0.03186199290101467,3.320230230791488e-05,3.3409082018459035e-06,0.06518877674299481,0.27823740707427824,0.06831196378306188,8.028071980751708e-05,5.500374264869007e-38,0.4424950009293388,1.8133337217727216e-05,0.0,0,0.0,0.0,0.0,0.0,0.0,0.0,0.0,0.0,0.0,0.0,0.0,0,0,0,0,0.0,0,0,0,0.0,0.0,0.0,0,0.0,0,0.0,0.0,0,7
0.01609965801740921,0.013356079500589483,0.04415032271355972,0.020993544713471313,0.01386725947556181,0.0073916555962277265,0.06048274331223029,0.24856238414711102,0.08615775604923415,0.03275431762534241,1.216940716712972e-34,0.45011729239262743,0.006066986456635412,0.0,0,0.0,0.0,0.0,0.0,0.0,0.0,0.0,0.0,0.0,0.0,0.0,0,0,0,0,0.0,0,0,0,0.0,0.0,0.0,0,0.0,0,0.0,0.0,0,7
0.01609965801740921,0.013356079500589483,0.04415032271355972,0.020993544713471313,0.01386725947556181,0.0073916555962277265,0.06048274331223029,0.24856238414711102,0.08615775604923415,0.03275431762534241,1.216940716712972e-34,0.45011729239262743,0.006066986456635412,0.0,0,0.0,0.0,0.0,0.0,0.0,0.0,0.0,0.0,0.0,0.0,0.0,0,0,0,0,0.0,0,0,0,0.0,0.0,0.0,0,0.0,0,0.0,0.0,0,7
0.0,0.0,0.0,0.0,0.0,1.0,0.0,0.0,0.0,0.0,0.0,0.0,0.0,0.0,0,0.0,0.0,0.0,0.0,0.0,0.0,0.0,0.0,0.0,0.0,0.0,0,0,0,0,0.0,0,0,0,0.0,0.0,0.0,0,0.0,0,0.0,0.0,0,7
0.0,0.0,0.0,0.0,0.0,1.0,0.0,0.0,0.0,0.0,0.0,0.0,0.0,0.0,0,0.0,0.0,0.0,0.0,0.0,0.0,0.0,0.0,0.0,0.0,0.0,0,0,0,0,0.0,0,0,0,0.0,0.0,0.0,0,0.0,0,0.0,0.0,0,7
0.0,0.0,0.0,0.0,0.0,1.0,0.0,0.0,0.0,0.0,0.0,0.0,0.0,0.0,0,0.0,0.0,0.0,0.0,0.0,0.0,0.0,0.0,0.0,0.0,0.0,0,0,0,0,0.0,0,0,0,0.0,0.0,0.0,0,0.0,0,0.0,0.0,0,7
0.0,0.0,0.0,0.0,0.0,1.0,0.0,0.0,0.0,0.0,0.0,0.0,0.0,0.0,0,0.0,0.0,0.0,0.0,0.0,0.0,0.0,0.0,0.0,0.0,0.0,0,0,0,0,0.0,0,0,0,0.0,0.0,0.0,0,0.0,0,0.0,0.0,0,7
0.0,0.0,0.0,0.0,0.0,1.0,0.0,0.0,0.0,0.0,0.0,0.0,0.0,0.0,0,0.0,0.0,0.0,0.0,0.0,0.0,0.0,0.0,0.0,0.0,0.0,0,0,0,0,0.0,0,0,0,0.0,0.0,0.0,0,0.0,0,0.0,0.0,0,7
0.0,0.0,0.0,0.0,0.0,1.0,0.0,0.0,0.0,0.0,0.0,0.0,0.0,0.0,0,0.0,0.0,0.0,0.0,0.0,0.0,0.0,0.0,0.0,0.0,0.0,0,0,0,0,0.0,0,0,0,0.0,0.0,0.0,0,0.0,0,0.0,0.0,0,7
0.0,0.0,0.0,0.0,0.0,1.0,0.0,0.0,0.0,0.0,0.0,0.0,0.0,0.0,0,0.0,0.0,0.0,0.0,0.0,0.0,0.0,0.0,0.0,0.0,0.0,0,0,0,0,0.0,0,0,0,0.0,0.0,0.0,0,0.0,0,0.0,0.0,0,7
0.0,0.0,0.0,0.0,0.0,1.0,0.0,0.0,0.0,0.0,0.0,0.0,0.0,0.0,0,0.0,0.0,0.0,0.0,0.0,0.0,0.0,0.0,0.0,0.0,0.0,0,0,0,0,0.0,0,0,0,0.0,0.0,0.0,0,0.0,0,0.0,0.0,0,7
0.0,0.0,0.0,0.0,0.0,1.0,0.0,0.0,0.0,0.0,0.0,0.0,0.0,0.0,0,0.0,0.0,0.0,0.0,0.0,0.0,0.0,0.0,0.0,0.0,0.0,0,0,0,0,0.0,0,0,0,0.0,0.0,0.0,0,0.0,0,0.0,0.0,0,7
0.0,0.0,0.0,0.0,0.0,1.0,0.0,0.0,0.0,0.0,0.0,0.0,0.0,0.0,0,0.0,0.0,0.0,0.0,0.0,0.0,0.0,0.0,0.0,0.0,0.0,0,0,0,0,0.0,0,0,0,0.0,0.0,0.0,0,0.0,0,0.0,0.0,0,7
0.0,0.0,0.0,0.0,0.0,1.0,0.0,0.0,0.0,0.0,0.0,0.0,0.0,0.0,0,0.0,0.0,0.0,0.0,0.0,0.0,0.0,0.0,0.0,0.0,0.0,0,0,0,0,0.0,0,0,0,0.0,0.0,0.0,0,0.0,0,0.0,0.0,0,7
0.0,0.0,0.0,0.0,0.0,1.0,0.0,0.0,0.0,0.0,0.0,0.0,0.0,0.0,0,0.0,0.0,0.0,0.0,0.0,0.0,0.0,0.0,0.0,0.0,0.0,0,0,0,0,0.0,0,0,0,0.0,0.0,0.0,0,0.0,0,0.0,0.0,0,7
0.0,0.0,0.0,0.0,0.0,1.0,0.0,0.0,0.0,0.0,0.0,0.0,0.0,0.0,0,0.0,0.0,0.0,0.0,0.0,0.0,0.0,0.0,0.0,0.0,0.0,0,0,0,0,0.0,0,0,0,0.0,0.0,0.0,0,0.0,0,0.0,0.0,0,7
0.0,0.0,0.0,0.0,0.0,1.0,0.0,0.0,0.0,0.0,0.0,0.0,0.0,0.0,0,0.0,0.0,0.0,0.0,0.0,0.0,0.0,0.0,0.0,0.0,0.0,0,0,0,0,0.0,0,0,0,0.0,0.0,0.0,0,0.0,0,0.0,0.0,0,7
0.0,0.0,0.0,0.0,0.0,1.0,0.0,0.0,0.0,0.0,0.0,0.0,0.0,0.0,0,0.0,0.0,0.0,0.0,0.0,0.0,0.0,0.0,0.0,0.0,0.0,0,0,0,0,0.0,0,0,0,0.0,0.0,0.0,0,0.0,0,0.0,0.0,0,7
0.0,0.0,0.0,0.0,0.0,1.0,0.0,0.0,0.0,0.0,0.0,0.0,0.0,0.0,0,0.0,0.0,0.0,0.0,0.0,0.0,0.0,0.0,0.0,0.0,0.0,0,0,0,0,0.0,0,0,0,0.0,0.0,0.0,0,0.0,0,0.0,0.0,0,7
0.0,0.0,0.0,0.0,0.0,1.0,0.0,0.0,0.0,0.0,0.0,0.0,0.0,0.0,0,0.0,0.0,0.0,0.0,0.0,0.0,0.0,0.0,0.0,0.0,0.0,0,0,0,0,0.0,0,0,0,0.0,0.0,0.0,0,0.0,0,0.0,0.0,0,7
0.0,0.0,0.0,0.0,0.0,1.0,0.0,0.0,0.0,0.0,0.0,0.0,0.0,0.0,0,0.0,0.0,0.0,0.0,0.0,0.0,0.0,0.0,0.0,0.0,0.0,0,0,0,0,0.0,0,0,0,0.0,0.0,0.0,0,0.0,0,0.0,0.0,0,7
0.0,0.0,0.0,0.0,0.0,1.0,0.0,0.0,0.0,0.0,0.0,0.0,0.0,0.0,0,0.0,0.0,0.0,0.0,0.0,0.0,0.0,0.0,0.0,0.0,0.0,0,0,0,0,0.0,0,0,0,0.0,0.0,0.0,0,0.0,0,0.0,0.0,0,7
0.0,0.0,0.0,0.0,0.0,1.0,0.0,0.0,0.0,0.0,0.0,0.0,0.0,0.0,0,0.0,0.0,0.0,0.0,0.0,0.0,0.0,0.0,0.0,0.0,0.0,0,0,0,0,0.0,0,0,0,0.0,0.0,0.0,0,0.0,0,0.0,0.0,0,7
0.0,0.0,0.0,0.0,0.0,1.0,0.0,0.0,0.0,0.0,0.0,0.0,0.0,0.0,0,0.0,0.0,0.0,0.0,0.0,0.0,0.0,0.0,0.0,0.0,0.0,0,0,0,0,0.0,0,0,0,0.0,0.0,0.0,0,0.0,0,0.0,0.0,0,7
0.0,0.0,0.0,0.0,0.0,1.0,0.0,0.0,0.0,0.0,0.0,0.0,0.0,0.0,0,0.0,0.0,0.0,0.0,0.0,0.0,0.0,0.0,0.0,0.0,0.0,0,0,0,0,0.0,0,0,0,0.0,0.0,0.0,0,0.0,0,0.0,0.0,0,7
0.0,0.0,0.0,0.0,0.0,1.0,0.0,0.0,0.0,0.0,0.0,0.0,0.0,0.0,0,0.0,0.0,0.0,0.0,0.0,0.0,0.0,0.0,0.0,0.0,0.0,0,0,0,0,0.0,0,0,0,0.0,0.0,0.0,0,0.0,0,0.0,0.0,0,7
0.0,0.0,0.0,0.0,0.0,1.0,0.0,0.0,0.0,0.0,0.0,0.0,0.0,0.0,0,0.0,0.0,0.0,0.0,0.0,0.0,0.0,0.0,0.0,0.0,0.0,0,0,0,0,0.0,0,0,0,0.0,0.0,0.0,0,0.0,0,0.0,0.0,0,7
0.0,0.0,0.0,0.0,0.0,1.0,0.0,0.0,0.0,0.0,0.0,0.0,0.0,0.0,0,0.0,0.0,0.0,0.0,0.0,0.0,0.0,0.0,0.0,0.0,0.0,0,0,0,0,0.0,0,0,0,0.0,0.0,0.0,0,0.0,0,0.0,0.0,0,7
0.0,0.0,0.0,0.0,0.0,1.0,0.0,0.0,0.0,0.0,0.0,0.0,0.0,0.0,0,0.0,0.0,0.0,0.0,0.0,0.0,0.0,0.0,0.0,0.0,0.0,0,0,0,0,0.0,0,0,0,0.0,0.0,0.0,0,0.0,0,0.0,0.0,0,7
0.0,0.0,0.0,0.0,0.0,1.0,0.0,0.0,0.0,0.0,0.0,0.0,0.0,0.0,0,0.0,0.0,0.0,0.0,0.0,0.0,0.0,0.0,0.0,0.0,0.0,0,0,0,0,0.0,0,0,0,0.0,0.0,0.0,0,0.0,0,0.0,0.0,0,7
0.0,0.09090909090909091,0.2727272727272727,0.0,0.0,0.75,0.0,0.36363636363636365,0.2727272727272727,0.0,0.0,0.0,0.0,0.0,0,0.0,0.0,0.0,0.0,0.0,0.0,0.0,0.0,0.0,0.0,0.0,0,0,0,0,0.0,0,0,0,0.0,0.0,0.0,0,0.0,0,0.0,0.0,0,7
0.0,0.01818181818181818,0.05454545454545454,0.0,0.0,0.95,0.0,0.07272727272727272,0.05454545454545454,0.0,0.0,0.0,0.0,0.0,0,0.0,0.0,0.0,0.0,0.0,0.0,0.0,0.0,0.0,0.0,0.0,0,0,0,0,0.0,0,0,0,0.0,0.0,0.0,0,0.0,0,0.0,0.0,0,7
